Name,SpellId,SpellName,Element,ManaCost,BaseDamage,ExplosionRadius,StatusToApply,StatusDuration,StatusChance,SpellVFXAsset
Spell_Fire_001,Spell_Fire_001,"Fire Invocation 001",Fire,9,20,0,Burn,5.0,0.60,
Spell_Ice_002,Spell_Ice_002,"Ice Invocation 002",Ice,10,20,0,Freeze,4.0,0.65,
Spell_Lightning_003,Spell_Lightning_003,"Lightning Invocation 003",Lightning,11,21,0,None,0.0,0.00,
Spell_Miasma_004,Spell_Miasma_004,"Miasma Invocation 004",Miasma,12,21,0,Miasma,10.0,0.75,
Spell_Fire_005,Spell_Fire_005,"Fire Invocation 005",Fire,13,21,255,Burn,5.0,0.80,
Spell_Ice_006,Spell_Ice_006,"Ice Invocation 006",Ice,14,22,0,Freeze,2.0,0.85,
Spell_Lightning_007,Spell_Lightning_007,"Lightning Invocation 007",Lightning,15,22,0,None,0.0,0.00,
Spell_Miasma_008,Spell_Miasma_008,"Miasma Invocation 008",Miasma,16,22,0,Miasma,9.0,0.95,
Spell_Fire_009,Spell_Fire_009,"Fire Invocation 009",Fire,17,23,0,Burn,5.0,1.00,
Spell_Ice_010,Spell_Ice_010,"Ice Invocation 010",Ice,18,23,260,Freeze,3.0,0.55,
Spell_Lightning_011,Spell_Lightning_011,"Lightning Invocation 011",Lightning,19,23,0,None,0.0,0.00,
Spell_Miasma_012,Spell_Miasma_012,"Miasma Invocation 012",Miasma,20,24,0,Miasma,8.0,0.65,
Spell_Fire_013,Spell_Fire_013,"Fire Invocation 013",Fire,21,24,0,Burn,5.0,0.70,
Spell_Ice_014,Spell_Ice_014,"Ice Invocation 014",Ice,22,24,0,Freeze,4.0,0.75,
Spell_Lightning_015,Spell_Lightning_015,"Lightning Invocation 015",Lightning,23,25,265,None,0.0,0.00,
Spell_Miasma_016,Spell_Miasma_016,"Miasma Invocation 016",Miasma,24,25,0,Miasma,7.0,0.85,
Spell_Fire_017,Spell_Fire_017,"Fire Invocation 017",Fire,25,25,0,Burn,5.0,0.90,
Spell_Ice_018,Spell_Ice_018,"Ice Invocation 018",Ice,26,26,0,Freeze,2.0,0.95,
Spell_Lightning_019,Spell_Lightning_019,"Lightning Invocation 019",Lightning,27,26,0,None,0.0,0.00,
Spell_Miasma_020,Spell_Miasma_020,"Miasma Invocation 020",Miasma,28,26,270,Miasma,6.0,0.55,
Spell_Fire_021,Spell_Fire_021,"Fire Invocation 021",Fire,29,27,0,Burn,5.0,0.60,
Spell_Ice_022,Spell_Ice_022,"Ice Invocation 022",Ice,30,27,0,Freeze,3.0,0.65,
Spell_Lightning_023,Spell_Lightning_023,"Lightning Invocation 023",Lightning,31,27,0,None,0.0,0.00,
Spell_Miasma_024,Spell_Miasma_024,"Miasma Invocation 024",Miasma,32,28,0,Miasma,10.0,0.75,
Spell_Fire_025,Spell_Fire_025,"Fire Invocation 025",Fire,33,28,275,Burn,5.0,0.80,
Spell_Ice_026,Spell_Ice_026,"Ice Invocation 026",Ice,34,28,0,Freeze,4.0,0.85,
Spell_Lightning_027,Spell_Lightning_027,"Lightning Invocation 027",Lightning,35,29,0,None,0.0,0.00,
Spell_Miasma_028,Spell_Miasma_028,"Miasma Invocation 028",Miasma,36,29,0,Miasma,9.0,0.95,
Spell_Fire_029,Spell_Fire_029,"Fire Invocation 029",Fire,37,29,0,Burn,5.0,1.00,
Spell_Ice_030,Spell_Ice_030,"Ice Invocation 030",Ice,38,30,280,Freeze,2.0,0.55,
Spell_Lightning_031,Spell_Lightning_031,"Lightning Invocation 031",Lightning,39,30,0,None,0.0,0.00,
Spell_Miasma_032,Spell_Miasma_032,"Miasma Invocation 032",Miasma,40,30,0,Miasma,8.0,0.65,
Spell_Fire_033,Spell_Fire_033,"Fire Invocation 033",Fire,41,31,0,Burn,5.0,0.70,
Spell_Ice_034,Spell_Ice_034,"Ice Invocation 034",Ice,42,31,0,Freeze,3.0,0.75,
Spell_Lightning_035,Spell_Lightning_035,"Lightning Invocation 035",Lightning,43,31,285,None,0.0,0.00,
Spell_Miasma_036,Spell_Miasma_036,"Miasma Invocation 036",Miasma,44,32,0,Miasma,7.0,0.85,
Spell_Fire_037,Spell_Fire_037,"Fire Invocation 037",Fire,45,32,0,Burn,5.0,0.90,
Spell_Ice_038,Spell_Ice_038,"Ice Invocation 038",Ice,46,32,0,Freeze,4.0,0.95,
Spell_Lightning_039,Spell_Lightning_039,"Lightning Invocation 039",Lightning,47,33,0,None,0.0,0.00,
Spell_Miasma_040,Spell_Miasma_040,"Miasma Invocation 040",Miasma,8,33,290,Miasma,6.0,0.55,
Spell_Fire_041,Spell_Fire_041,"Fire Invocation 041",Fire,9,33,0,Burn,5.0,0.60,
Spell_Ice_042,Spell_Ice_042,"Ice Invocation 042",Ice,10,34,0,Freeze,2.0,0.65,
Spell_Lightning_043,Spell_Lightning_043,"Lightning Invocation 043",Lightning,11,34,0,None,0.0,0.00,
Spell_Miasma_044,Spell_Miasma_044,"Miasma Invocation 044",Miasma,12,34,0,Miasma,10.0,0.75,
Spell_Fire_045,Spell_Fire_045,"Fire Invocation 045",Fire,13,35,295,Burn,5.0,0.80,
Spell_Ice_046,Spell_Ice_046,"Ice Invocation 046",Ice,14,35,0,Freeze,3.0,0.85,
Spell_Lightning_047,Spell_Lightning_047,"Lightning Invocation 047",Lightning,15,35,0,None,0.0,0.00,
Spell_Miasma_048,Spell_Miasma_048,"Miasma Invocation 048",Miasma,16,36,0,Miasma,9.0,0.95,
Spell_Fire_049,Spell_Fire_049,"Fire Invocation 049",Fire,17,36,0,Burn,5.0,1.00,
Spell_Ice_050,Spell_Ice_050,"Ice Invocation 050",Ice,18,36,300,Freeze,4.0,0.55,
Spell_Lightning_051,Spell_Lightning_051,"Lightning Invocation 051",Lightning,19,37,0,None,0.0,0.00,
Spell_Miasma_052,Spell_Miasma_052,"Miasma Invocation 052",Miasma,20,37,0,Miasma,8.0,0.65,
Spell_Fire_053,Spell_Fire_053,"Fire Invocation 053",Fire,21,37,0,Burn,5.0,0.70,
Spell_Ice_054,Spell_Ice_054,"Ice Invocation 054",Ice,22,38,0,Freeze,2.0,0.75,
Spell_Lightning_055,Spell_Lightning_055,"Lightning Invocation 055",Lightning,23,38,305,None,0.0,0.00,
Spell_Miasma_056,Spell_Miasma_056,"Miasma Invocation 056",Miasma,24,38,0,Miasma,7.0,0.85,
Spell_Fire_057,Spell_Fire_057,"Fire Invocation 057",Fire,25,39,0,Burn,5.0,0.90,
Spell_Ice_058,Spell_Ice_058,"Ice Invocation 058",Ice,26,39,0,Freeze,3.0,0.95,
Spell_Lightning_059,Spell_Lightning_059,"Lightning Invocation 059",Lightning,27,39,0,None,0.0,0.00,
Spell_Miasma_060,Spell_Miasma_060,"Miasma Invocation 060",Miasma,28,40,310,Miasma,6.0,0.55,
Spell_Fire_061,Spell_Fire_061,"Fire Invocation 061",Fire,29,40,0,Burn,5.0,0.60,
Spell_Ice_062,Spell_Ice_062,"Ice Invocation 062",Ice,30,40,0,Freeze,4.0,0.65,
Spell_Lightning_063,Spell_Lightning_063,"Lightning Invocation 063",Lightning,31,41,0,None,0.0,0.00,
Spell_Miasma_064,Spell_Miasma_064,"Miasma Invocation 064",Miasma,32,41,0,Miasma,10.0,0.75,
Spell_Fire_065,Spell_Fire_065,"Fire Invocation 065",Fire,33,41,315,Burn,5.0,0.80,
Spell_Ice_066,Spell_Ice_066,"Ice Invocation 066",Ice,34,42,0,Freeze,2.0,0.85,
Spell_Lightning_067,Spell_Lightning_067,"Lightning Invocation 067",Lightning,35,42,0,None,0.0,0.00,
Spell_Miasma_068,Spell_Miasma_068,"Miasma Invocation 068",Miasma,36,42,0,Miasma,9.0,0.95,
Spell_Fire_069,Spell_Fire_069,"Fire Invocation 069",Fire,37,43,0,Burn,5.0,1.00,
Spell_Ice_070,Spell_Ice_070,"Ice Invocation 070",Ice,38,43,320,Freeze,3.0,0.55,
Spell_Lightning_071,Spell_Lightning_071,"Lightning Invocation 071",Lightning,39,43,0,None,0.0,0.00,
Spell_Miasma_072,Spell_Miasma_072,"Miasma Invocation 072",Miasma,40,44,0,Miasma,8.0,0.65,
Spell_Fire_073,Spell_Fire_073,"Fire Invocation 073",Fire,41,44,0,Burn,5.0,0.70,
Spell_Ice_074,Spell_Ice_074,"Ice Invocation 074",Ice,42,44,0,Freeze,4.0,0.75,
Spell_Lightning_075,Spell_Lightning_075,"Lightning Invocation 075",Lightning,43,45,325,None,0.0,0.00,
Spell_Miasma_076,Spell_Miasma_076,"Miasma Invocation 076",Miasma,44,45,0,Miasma,7.0,0.85,
Spell_Fire_077,Spell_Fire_077,"Fire Invocation 077",Fire,45,45,0,Burn,5.0,0.90,
Spell_Ice_078,Spell_Ice_078,"Ice Invocation 078",Ice,46,46,0,Freeze,2.0,0.95,
Spell_Lightning_079,Spell_Lightning_079,"Lightning Invocation 079",Lightning,47,46,0,None,0.0,0.00,
Spell_Miasma_080,Spell_Miasma_080,"Miasma Invocation 080",Miasma,8,46,330,Miasma,6.0,0.55,
Spell_Fire_081,Spell_Fire_081,"Fire Invocation 081",Fire,9,47,0,Burn,5.0,0.60,
Spell_Ice_082,Spell_Ice_082,"Ice Invocation 082",Ice,10,47,0,Freeze,3.0,0.65,
Spell_Lightning_083,Spell_Lightning_083,"Lightning Invocation 083",Lightning,11,47,0,None,0.0,0.00,
Spell_Miasma_084,Spell_Miasma_084,"Miasma Invocation 084",Miasma,12,48,0,Miasma,10.0,0.75,
Spell_Fire_085,Spell_Fire_085,"Fire Invocation 085",Fire,13,48,335,Burn,5.0,0.80,
Spell_Ice_086,Spell_Ice_086,"Ice Invocation 086",Ice,14,48,0,Freeze,4.0,0.85,
Spell_Lightning_087,Spell_Lightning_087,"Lightning Invocation 087",Lightning,15,49,0,None,0.0,0.00,
Spell_Miasma_088,Spell_Miasma_088,"Miasma Invocation 088",Miasma,16,49,0,Miasma,9.0,0.95,
Spell_Fire_089,Spell_Fire_089,"Fire Invocation 089",Fire,17,49,0,Burn,5.0,1.00,
Spell_Ice_090,Spell_Ice_090,"Ice Invocation 090",Ice,18,50,340,Freeze,2.0,0.55,
Spell_Lightning_091,Spell_Lightning_091,"Lightning Invocation 091",Lightning,19,50,0,None,0.0,0.00,
Spell_Miasma_092,Spell_Miasma_092,"Miasma Invocation 092",Miasma,20,50,0,Miasma,8.0,0.65,
Spell_Fire_093,Spell_Fire_093,"Fire Invocation 093",Fire,21,51,0,Burn,5.0,0.70,
Spell_Ice_094,Spell_Ice_094,"Ice Invocation 094",Ice,22,51,0,Freeze,3.0,0.75,
Spell_Lightning_095,Spell_Lightning_095,"Lightning Invocation 095",Lightning,23,51,345,None,0.0,0.00,
Spell_Miasma_096,Spell_Miasma_096,"Miasma Invocation 096",Miasma,24,52,0,Miasma,7.0,0.85,
Spell_Fire_097,Spell_Fire_097,"Fire Invocation 097",Fire,25,52,0,Burn,5.0,0.90,
Spell_Ice_098,Spell_Ice_098,"Ice Invocation 098",Ice,26,52,0,Freeze,4.0,0.95,
Spell_Lightning_099,Spell_Lightning_099,"Lightning Invocation 099",Lightning,27,53,0,None,0.0,0.00,
Spell_Miasma_100,Spell_Miasma_100,"Miasma Invocation 100",Miasma,28,53,350,Miasma,6.0,0.55,
Spell_Fire_101,Spell_Fire_101,"Fire Invocation 101",Fire,29,53,0,Burn,5.0,0.60,
Spell_Ice_102,Spell_Ice_102,"Ice Invocation 102",Ice,30,54,0,Freeze,2.0,0.65,
Spell_Lightning_103,Spell_Lightning_103,"Lightning Invocation 103",Lightning,31,54,0,None,0.0,0.00,
Spell_Miasma_104,Spell_Miasma_104,"Miasma Invocation 104",Miasma,32,54,0,Miasma,10.0,0.75,
Spell_Fire_105,Spell_Fire_105,"Fire Invocation 105",Fire,33,55,355,Burn,5.0,0.80,
Spell_Ice_106,Spell_Ice_106,"Ice Invocation 106",Ice,34,55,0,Freeze,3.0,0.85,
Spell_Lightning_107,Spell_Lightning_107,"Lightning Invocation 107",Lightning,35,55,0,None,0.0,0.00,
Spell_Miasma_108,Spell_Miasma_108,"Miasma Invocation 108",Miasma,36,56,0,Miasma,9.0,0.95,
Spell_Fire_109,Spell_Fire_109,"Fire Invocation 109",Fire,37,56,0,Burn,5.0,1.00,
Spell_Ice_110,Spell_Ice_110,"Ice Invocation 110",Ice,38,56,360,Freeze,4.0,0.55,
Spell_Lightning_111,Spell_Lightning_111,"Lightning Invocation 111",Lightning,39,57,0,None,0.0,0.00,
Spell_Miasma_112,Spell_Miasma_112,"Miasma Invocation 112",Miasma,40,57,0,Miasma,8.0,0.65,
Spell_Fire_113,Spell_Fire_113,"Fire Invocation 113",Fire,41,57,0,Burn,5.0,0.70,
Spell_Ice_114,Spell_Ice_114,"Ice Invocation 114",Ice,42,58,0,Freeze,2.0,0.75,
Spell_Lightning_115,Spell_Lightning_115,"Lightning Invocation 115",Lightning,43,58,365,None,0.0,0.00,
Spell_Miasma_116,Spell_Miasma_116,"Miasma Invocation 116",Miasma,44,58,0,Miasma,7.0,0.85,
Spell_Fire_117,Spell_Fire_117,"Fire Invocation 117",Fire,45,59,0,Burn,5.0,0.90,
Spell_Ice_118,Spell_Ice_118,"Ice Invocation 118",Ice,46,59,0,Freeze,3.0,0.95,
Spell_Lightning_119,Spell_Lightning_119,"Lightning Invocation 119",Lightning,47,59,0,None,0.0,0.00,
Spell_Miasma_120,Spell_Miasma_120,"Miasma Invocation 120",Miasma,8,60,370,Miasma,6.0,0.55,
Spell_Fire_121,Spell_Fire_121,"Fire Invocation 121",Fire,9,60,0,Burn,5.0,0.60,
Spell_Ice_122,Spell_Ice_122,"Ice Invocation 122",Ice,10,60,0,Freeze,4.0,0.65,
Spell_Lightning_123,Spell_Lightning_123,"Lightning Invocation 123",Lightning,11,61,0,None,0.0,0.00,
Spell_Miasma_124,Spell_Miasma_124,"Miasma Invocation 124",Miasma,12,61,0,Miasma,10.0,0.75,
Spell_Fire_125,Spell_Fire_125,"Fire Invocation 125",Fire,13,61,375,Burn,5.0,0.80,
Spell_Ice_126,Spell_Ice_126,"Ice Invocation 126",Ice,14,62,0,Freeze,2.0,0.85,
Spell_Lightning_127,Spell_Lightning_127,"Lightning Invocation 127",Lightning,15,62,0,None,0.0,0.00,
Spell_Miasma_128,Spell_Miasma_128,"Miasma Invocation 128",Miasma,16,62,0,Miasma,9.0,0.95,
Spell_Fire_129,Spell_Fire_129,"Fire Invocation 129",Fire,17,63,0,Burn,5.0,1.00,
Spell_Ice_130,Spell_Ice_130,"Ice Invocation 130",Ice,18,63,380,Freeze,3.0,0.55,
Spell_Lightning_131,Spell_Lightning_131,"Lightning Invocation 131",Lightning,19,63,0,None,0.0,0.00,
Spell_Miasma_132,Spell_Miasma_132,"Miasma Invocation 132",Miasma,20,64,0,Miasma,8.0,0.65,
Spell_Fire_133,Spell_Fire_133,"Fire Invocation 133",Fire,21,64,0,Burn,5.0,0.70,
Spell_Ice_134,Spell_Ice_134,"Ice Invocation 134",Ice,22,64,0,Freeze,4.0,0.75,
Spell_Lightning_135,Spell_Lightning_135,"Lightning Invocation 135",Lightning,23,65,385,None,0.0,0.00,
Spell_Miasma_136,Spell_Miasma_136,"Miasma Invocation 136",Miasma,24,65,0,Miasma,7.0,0.85,
Spell_Fire_137,Spell_Fire_137,"Fire Invocation 137",Fire,25,65,0,Burn,5.0,0.90,
Spell_Ice_138,Spell_Ice_138,"Ice Invocation 138",Ice,26,66,0,Freeze,2.0,0.95,
Spell_Lightning_139,Spell_Lightning_139,"Lightning Invocation 139",Lightning,27,66,0,None,0.0,0.00,
Spell_Miasma_140,Spell_Miasma_140,"Miasma Invocation 140",Miasma,28,66,390,Miasma,6.0,0.55,
Spell_Fire_141,Spell_Fire_141,"Fire Invocation 141",Fire,29,67,0,Burn,5.0,0.60,
Spell_Ice_142,Spell_Ice_142,"Ice Invocation 142",Ice,30,67,0,Freeze,3.0,0.65,
Spell_Lightning_143,Spell_Lightning_143,"Lightning Invocation 143",Lightning,31,67,0,None,0.0,0.00,
Spell_Miasma_144,Spell_Miasma_144,"Miasma Invocation 144",Miasma,32,68,0,Miasma,10.0,0.75,
Spell_Fire_145,Spell_Fire_145,"Fire Invocation 145",Fire,33,68,395,Burn,5.0,0.80,
Spell_Ice_146,Spell_Ice_146,"Ice Invocation 146",Ice,34,68,0,Freeze,4.0,0.85,
Spell_Lightning_147,Spell_Lightning_147,"Lightning Invocation 147",Lightning,35,69,0,None,0.0,0.00,
Spell_Miasma_148,Spell_Miasma_148,"Miasma Invocation 148",Miasma,36,69,0,Miasma,9.0,0.95,
Spell_Fire_149,Spell_Fire_149,"Fire Invocation 149",Fire,37,69,0,Burn,5.0,1.00,
Spell_Ice_150,Spell_Ice_150,"Ice Invocation 150",Ice,38,70,400,Freeze,2.0,0.55,
Spell_Lightning_151,Spell_Lightning_151,"Lightning Invocation 151",Lightning,39,70,0,None,0.0,0.00,
Spell_Miasma_152,Spell_Miasma_152,"Miasma Invocation 152",Miasma,40,70,0,Miasma,8.0,0.65,
Spell_Fire_153,Spell_Fire_153,"Fire Invocation 153",Fire,41,71,0,Burn,5.0,0.70,
Spell_Ice_154,Spell_Ice_154,"Ice Invocation 154",Ice,42,71,0,Freeze,3.0,0.75,
Spell_Lightning_155,Spell_Lightning_155,"Lightning Invocation 155",Lightning,43,71,405,None,0.0,0.00,
Spell_Miasma_156,Spell_Miasma_156,"Miasma Invocation 156",Miasma,44,72,0,Miasma,7.0,0.85,
Spell_Fire_157,Spell_Fire_157,"Fire Invocation 157",Fire,45,72,0,Burn,5.0,0.90,
Spell_Ice_158,Spell_Ice_158,"Ice Invocation 158",Ice,46,72,0,Freeze,4.0,0.95,
Spell_Lightning_159,Spell_Lightning_159,"Lightning Invocation 159",Lightning,47,73,0,None,0.0,0.00,
Spell_Miasma_160,Spell_Miasma_160,"Miasma Invocation 160",Miasma,8,73,410,Miasma,6.0,0.55,
Spell_Fire_161,Spell_Fire_161,"Fire Invocation 161",Fire,9,73,0,Burn,5.0,0.60,
Spell_Ice_162,Spell_Ice_162,"Ice Invocation 162",Ice,10,74,0,Freeze,2.0,0.65,
Spell_Lightning_163,Spell_Lightning_163,"Lightning Invocation 163",Lightning,11,74,0,None,0.0,0.00,
Spell_Miasma_164,Spell_Miasma_164,"Miasma Invocation 164",Miasma,12,74,0,Miasma,10.0,0.75,
Spell_Fire_165,Spell_Fire_165,"Fire Invocation 165",Fire,13,75,415,Burn,5.0,0.80,
Spell_Ice_166,Spell_Ice_166,"Ice Invocation 166",Ice,14,75,0,Freeze,3.0,0.85,
Spell_Lightning_167,Spell_Lightning_167,"Lightning Invocation 167",Lightning,15,75,0,None,0.0,0.00,
Spell_Miasma_168,Spell_Miasma_168,"Miasma Invocation 168",Miasma,16,76,0,Miasma,9.0,0.95,
Spell_Fire_169,Spell_Fire_169,"Fire Invocation 169",Fire,17,76,0,Burn,5.0,1.00,
Spell_Ice_170,Spell_Ice_170,"Ice Invocation 170",Ice,18,76,420,Freeze,4.0,0.55,
Spell_Lightning_171,Spell_Lightning_171,"Lightning Invocation 171",Lightning,19,77,0,None,0.0,0.00,
Spell_Miasma_172,Spell_Miasma_172,"Miasma Invocation 172",Miasma,20,77,0,Miasma,8.0,0.65,
Spell_Fire_173,Spell_Fire_173,"Fire Invocation 173",Fire,21,77,0,Burn,5.0,0.70,
Spell_Ice_174,Spell_Ice_174,"Ice Invocation 174",Ice,22,78,0,Freeze,2.0,0.75,
Spell_Lightning_175,Spell_Lightning_175,"Lightning Invocation 175",Lightning,23,78,425,None,0.0,0.00,
Spell_Miasma_176,Spell_Miasma_176,"Miasma Invocation 176",Miasma,24,78,0,Miasma,7.0,0.85,
Spell_Fire_177,Spell_Fire_177,"Fire Invocation 177",Fire,25,79,0,Burn,5.0,0.90,
Spell_Ice_178,Spell_Ice_178,"Ice Invocation 178",Ice,26,79,0,Freeze,3.0,0.95,
Spell_Lightning_179,Spell_Lightning_179,"Lightning Invocation 179",Lightning,27,79,0,None,0.0,0.00,
Spell_Miasma_180,Spell_Miasma_180,"Miasma Invocation 180",Miasma,28,80,430,Miasma,6.0,0.55,
Spell_Fire_181,Spell_Fire_181,"Fire Invocation 181",Fire,29,80,0,Burn,5.0,0.60,
Spell_Ice_182,Spell_Ice_182,"Ice Invocation 182",Ice,30,80,0,Freeze,4.0,0.65,
Spell_Lightning_183,Spell_Lightning_183,"Lightning Invocation 183",Lightning,31,81,0,None,0.0,0.00,
Spell_Miasma_184,Spell_Miasma_184,"Miasma Invocation 184",Miasma,32,81,0,Miasma,10.0,0.75,
Spell_Fire_185,Spell_Fire_185,"Fire Invocation 185",Fire,33,81,435,Burn,5.0,0.80,
Spell_Ice_186,Spell_Ice_186,"Ice Invocation 186",Ice,34,82,0,Freeze,2.0,0.85,
Spell_Lightning_187,Spell_Lightning_187,"Lightning Invocation 187",Lightning,35,82,0,None,0.0,0.00,
Spell_Miasma_188,Spell_Miasma_188,"Miasma Invocation 188",Miasma,36,82,0,Miasma,9.0,0.95,
Spell_Fire_189,Spell_Fire_189,"Fire Invocation 189",Fire,37,83,0,Burn,5.0,1.00,
Spell_Ice_190,Spell_Ice_190,"Ice Invocation 190",Ice,38,83,440,Freeze,3.0,0.55,
Spell_Lightning_191,Spell_Lightning_191,"Lightning Invocation 191",Lightning,39,83,0,None,0.0,0.00,
Spell_Miasma_192,Spell_Miasma_192,"Miasma Invocation 192",Miasma,40,84,0,Miasma,8.0,0.65,
Spell_Fire_193,Spell_Fire_193,"Fire Invocation 193",Fire,41,84,0,Burn,5.0,0.70,
Spell_Ice_194,Spell_Ice_194,"Ice Invocation 194",Ice,42,84,0,Freeze,4.0,0.75,
Spell_Lightning_195,Spell_Lightning_195,"Lightning Invocation 195",Lightning,43,85,445,None,0.0,0.00,
Spell_Miasma_196,Spell_Miasma_196,"Miasma Invocation 196",Miasma,44,85,0,Miasma,7.0,0.85,
Spell_Fire_197,Spell_Fire_197,"Fire Invocation 197",Fire,45,85,0,Burn,5.0,0.90,
Spell_Ice_198,Spell_Ice_198,"Ice Invocation 198",Ice,46,86,0,Freeze,2.0,0.95,
Spell_Lightning_199,Spell_Lightning_199,"Lightning Invocation 199",Lightning,47,86,0,None,0.0,0.00,
Spell_Miasma_200,Spell_Miasma_200,"Miasma Invocation 200",Miasma,8,86,250,Miasma,6.0,0.55,
Spell_Fire_201,Spell_Fire_201,"Fire Invocation 201",Fire,9,87,0,Burn,5.0,0.60,
Spell_Ice_202,Spell_Ice_202,"Ice Invocation 202",Ice,10,87,0,Freeze,3.0,0.65,
Spell_Lightning_203,Spell_Lightning_203,"Lightning Invocation 203",Lightning,11,87,0,None,0.0,0.00,
Spell_Miasma_204,Spell_Miasma_204,"Miasma Invocation 204",Miasma,12,88,0,Miasma,10.0,0.75,
Spell_Fire_205,Spell_Fire_205,"Fire Invocation 205",Fire,13,88,255,Burn,5.0,0.80,
Spell_Ice_206,Spell_Ice_206,"Ice Invocation 206",Ice,14,88,0,Freeze,4.0,0.85,
Spell_Lightning_207,Spell_Lightning_207,"Lightning Invocation 207",Lightning,15,89,0,None,0.0,0.00,
Spell_Miasma_208,Spell_Miasma_208,"Miasma Invocation 208",Miasma,16,89,0,Miasma,9.0,0.95,
Spell_Fire_209,Spell_Fire_209,"Fire Invocation 209",Fire,17,89,0,Burn,5.0,1.00,
Spell_Ice_210,Spell_Ice_210,"Ice Invocation 210",Ice,18,90,260,Freeze,2.0,0.55,
Spell_Lightning_211,Spell_Lightning_211,"Lightning Invocation 211",Lightning,19,90,0,None,0.0,0.00,
Spell_Miasma_212,Spell_Miasma_212,"Miasma Invocation 212",Miasma,20,90,0,Miasma,8.0,0.65,
Spell_Fire_213,Spell_Fire_213,"Fire Invocation 213",Fire,21,91,0,Burn,5.0,0.70,
Spell_Ice_214,Spell_Ice_214,"Ice Invocation 214",Ice,22,91,0,Freeze,3.0,0.75,
Spell_Lightning_215,Spell_Lightning_215,"Lightning Invocation 215",Lightning,23,91,265,None,0.0,0.00,
Spell_Miasma_216,Spell_Miasma_216,"Miasma Invocation 216",Miasma,24,92,0,Miasma,7.0,0.85,
Spell_Fire_217,Spell_Fire_217,"Fire Invocation 217",Fire,25,92,0,Burn,5.0,0.90,
Spell_Ice_218,Spell_Ice_218,"Ice Invocation 218",Ice,26,92,0,Freeze,4.0,0.95,
Spell_Lightning_219,Spell_Lightning_219,"Lightning Invocation 219",Lightning,27,93,0,None,0.0,0.00,
Spell_Miasma_220,Spell_Miasma_220,"Miasma Invocation 220",Miasma,28,93,270,Miasma,6.0,0.55,
Spell_Fire_221,Spell_Fire_221,"Fire Invocation 221",Fire,29,93,0,Burn,5.0,0.60,
Spell_Ice_222,Spell_Ice_222,"Ice Invocation 222",Ice,30,94,0,Freeze,2.0,0.65,
Spell_Lightning_223,Spell_Lightning_223,"Lightning Invocation 223",Lightning,31,94,0,None,0.0,0.00,
Spell_Miasma_224,Spell_Miasma_224,"Miasma Invocation 224",Miasma,32,94,0,Miasma,10.0,0.75,
Spell_Fire_225,Spell_Fire_225,"Fire Invocation 225",Fire,33,95,275,Burn,5.0,0.80,
Spell_Ice_226,Spell_Ice_226,"Ice Invocation 226",Ice,34,95,0,Freeze,3.0,0.85,
Spell_Lightning_227,Spell_Lightning_227,"Lightning Invocation 227",Lightning,35,95,0,None,0.0,0.00,
Spell_Miasma_228,Spell_Miasma_228,"Miasma Invocation 228",Miasma,36,96,0,Miasma,9.0,0.95,
Spell_Fire_229,Spell_Fire_229,"Fire Invocation 229",Fire,37,96,0,Burn,5.0,1.00,
Spell_Ice_230,Spell_Ice_230,"Ice Invocation 230",Ice,38,96,280,Freeze,4.0,0.55,
Spell_Lightning_231,Spell_Lightning_231,"Lightning Invocation 231",Lightning,39,97,0,None,0.0,0.00,
Spell_Miasma_232,Spell_Miasma_232,"Miasma Invocation 232",Miasma,40,97,0,Miasma,8.0,0.65,
Spell_Fire_233,Spell_Fire_233,"Fire Invocation 233",Fire,41,97,0,Burn,5.0,0.70,
Spell_Ice_234,Spell_Ice_234,"Ice Invocation 234",Ice,42,98,0,Freeze,2.0,0.75,
Spell_Lightning_235,Spell_Lightning_235,"Lightning Invocation 235",Lightning,43,98,285,None,0.0,0.00,
Spell_Miasma_236,Spell_Miasma_236,"Miasma Invocation 236",Miasma,44,98,0,Miasma,7.0,0.85,
Spell_Fire_237,Spell_Fire_237,"Fire Invocation 237",Fire,45,99,0,Burn,5.0,0.90,
Spell_Ice_238,Spell_Ice_238,"Ice Invocation 238",Ice,46,99,0,Freeze,3.0,0.95,
Spell_Lightning_239,Spell_Lightning_239,"Lightning Invocation 239",Lightning,47,99,0,None,0.0,0.00,
Spell_Miasma_240,Spell_Miasma_240,"Miasma Invocation 240",Miasma,8,100,290,Miasma,6.0,0.55,
Spell_Fire_241,Spell_Fire_241,"Fire Invocation 241",Fire,9,100,0,Burn,5.0,0.60,
Spell_Ice_242,Spell_Ice_242,"Ice Invocation 242",Ice,10,100,0,Freeze,4.0,0.65,
Spell_Lightning_243,Spell_Lightning_243,"Lightning Invocation 243",Lightning,11,101,0,None,0.0,0.00,
Spell_Miasma_244,Spell_Miasma_244,"Miasma Invocation 244",Miasma,12,101,0,Miasma,10.0,0.75,
Spell_Fire_245,Spell_Fire_245,"Fire Invocation 245",Fire,13,101,295,Burn,5.0,0.80,
Spell_Ice_246,Spell_Ice_246,"Ice Invocation 246",Ice,14,102,0,Freeze,2.0,0.85,
Spell_Lightning_247,Spell_Lightning_247,"Lightning Invocation 247",Lightning,15,102,0,None,0.0,0.00,
Spell_Miasma_248,Spell_Miasma_248,"Miasma Invocation 248",Miasma,16,102,0,Miasma,9.0,0.95,
Spell_Fire_249,Spell_Fire_249,"Fire Invocation 249",Fire,17,103,0,Burn,5.0,1.00,
Spell_Ice_250,Spell_Ice_250,"Ice Invocation 250",Ice,18,103,300,Freeze,3.0,0.55,
Spell_Lightning_251,Spell_Lightning_251,"Lightning Invocation 251",Lightning,19,103,0,None,0.0,0.00,
Spell_Miasma_252,Spell_Miasma_252,"Miasma Invocation 252",Miasma,20,104,0,Miasma,8.0,0.65,
Spell_Fire_253,Spell_Fire_253,"Fire Invocation 253",Fire,21,104,0,Burn,5.0,0.70,
Spell_Ice_254,Spell_Ice_254,"Ice Invocation 254",Ice,22,104,0,Freeze,4.0,0.75,
Spell_Lightning_255,Spell_Lightning_255,"Lightning Invocation 255",Lightning,23,105,305,None,0.0,0.00,
Spell_Miasma_256,Spell_Miasma_256,"Miasma Invocation 256",Miasma,24,105,0,Miasma,7.0,0.85,
Spell_Fire_257,Spell_Fire_257,"Fire Invocation 257",Fire,25,105,0,Burn,5.0,0.90,
Spell_Ice_258,Spell_Ice_258,"Ice Invocation 258",Ice,26,106,0,Freeze,2.0,0.95,
Spell_Lightning_259,Spell_Lightning_259,"Lightning Invocation 259",Lightning,27,106,0,None,0.0,0.00,
Spell_Miasma_260,Spell_Miasma_260,"Miasma Invocation 260",Miasma,28,106,310,Miasma,6.0,0.55,
Spell_Fire_261,Spell_Fire_261,"Fire Invocation 261",Fire,29,107,0,Burn,5.0,0.60,
Spell_Ice_262,Spell_Ice_262,"Ice Invocation 262",Ice,30,107,0,Freeze,3.0,0.65,
Spell_Lightning_263,Spell_Lightning_263,"Lightning Invocation 263",Lightning,31,107,0,None,0.0,0.00,
Spell_Miasma_264,Spell_Miasma_264,"Miasma Invocation 264",Miasma,32,108,0,Miasma,10.0,0.75,
Spell_Fire_265,Spell_Fire_265,"Fire Invocation 265",Fire,33,108,315,Burn,5.0,0.80,
Spell_Ice_266,Spell_Ice_266,"Ice Invocation 266",Ice,34,108,0,Freeze,4.0,0.85,
Spell_Lightning_267,Spell_Lightning_267,"Lightning Invocation 267",Lightning,35,109,0,None,0.0,0.00,
Spell_Miasma_268,Spell_Miasma_268,"Miasma Invocation 268",Miasma,36,109,0,Miasma,9.0,0.95,
Spell_Fire_269,Spell_Fire_269,"Fire Invocation 269",Fire,37,109,0,Burn,5.0,1.00,
Spell_Ice_270,Spell_Ice_270,"Ice Invocation 270",Ice,38,110,320,Freeze,2.0,0.55,
Spell_Lightning_271,Spell_Lightning_271,"Lightning Invocation 271",Lightning,39,110,0,None,0.0,0.00,
Spell_Miasma_272,Spell_Miasma_272,"Miasma Invocation 272",Miasma,40,110,0,Miasma,8.0,0.65,
Spell_Fire_273,Spell_Fire_273,"Fire Invocation 273",Fire,41,111,0,Burn,5.0,0.70,
Spell_Ice_274,Spell_Ice_274,"Ice Invocation 274",Ice,42,111,0,Freeze,3.0,0.75,
Spell_Lightning_275,Spell_Lightning_275,"Lightning Invocation 275",Lightning,43,111,325,None,0.0,0.00,
Spell_Miasma_276,Spell_Miasma_276,"Miasma Invocation 276",Miasma,44,112,0,Miasma,7.0,0.85,
Spell_Fire_277,Spell_Fire_277,"Fire Invocation 277",Fire,45,112,0,Burn,5.0,0.90,
Spell_Ice_278,Spell_Ice_278,"Ice Invocation 278",Ice,46,112,0,Freeze,4.0,0.95,
Spell_Lightning_279,Spell_Lightning_279,"Lightning Invocation 279",Lightning,47,113,0,None,0.0,0.00,
Spell_Miasma_280,Spell_Miasma_280,"Miasma Invocation 280",Miasma,8,113,330,Miasma,6.0,0.55,
Spell_Fire_281,Spell_Fire_281,"Fire Invocation 281",Fire,9,113,0,Burn,5.0,0.60,
Spell_Ice_282,Spell_Ice_282,"Ice Invocation 282",Ice,10,114,0,Freeze,2.0,0.65,
Spell_Lightning_283,Spell_Lightning_283,"Lightning Invocation 283",Lightning,11,114,0,None,0.0,0.00,
Spell_Miasma_284,Spell_Miasma_284,"Miasma Invocation 284",Miasma,12,114,0,Miasma,10.0,0.75,
Spell_Fire_285,Spell_Fire_285,"Fire Invocation 285",Fire,13,115,335,Burn,5.0,0.80,
Spell_Ice_286,Spell_Ice_286,"Ice Invocation 286",Ice,14,115,0,Freeze,3.0,0.85,
Spell_Lightning_287,Spell_Lightning_287,"Lightning Invocation 287",Lightning,15,115,0,None,0.0,0.00,
Spell_Miasma_288,Spell_Miasma_288,"Miasma Invocation 288",Miasma,16,116,0,Miasma,9.0,0.95,
Spell_Fire_289,Spell_Fire_289,"Fire Invocation 289",Fire,17,116,0,Burn,5.0,1.00,
Spell_Ice_290,Spell_Ice_290,"Ice Invocation 290",Ice,18,116,340,Freeze,4.0,0.55,
Spell_Lightning_291,Spell_Lightning_291,"Lightning Invocation 291",Lightning,19,117,0,None,0.0,0.00,
Spell_Miasma_292,Spell_Miasma_292,"Miasma Invocation 292",Miasma,20,117,0,Miasma,8.0,0.65,
Spell_Fire_293,Spell_Fire_293,"Fire Invocation 293",Fire,21,117,0,Burn,5.0,0.70,
Spell_Ice_294,Spell_Ice_294,"Ice Invocation 294",Ice,22,118,0,Freeze,2.0,0.75,
Spell_Lightning_295,Spell_Lightning_295,"Lightning Invocation 295",Lightning,23,118,345,None,0.0,0.00,
Spell_Miasma_296,Spell_Miasma_296,"Miasma Invocation 296",Miasma,24,118,0,Miasma,7.0,0.85,
Spell_Fire_297,Spell_Fire_297,"Fire Invocation 297",Fire,25,119,0,Burn,5.0,0.90,
Spell_Ice_298,Spell_Ice_298,"Ice Invocation 298",Ice,26,119,0,Freeze,3.0,0.95,
Spell_Lightning_299,Spell_Lightning_299,"Lightning Invocation 299",Lightning,27,119,0,None,0.0,0.00,
Spell_Miasma_300,Spell_Miasma_300,"Miasma Invocation 300",Miasma,28,120,350,Miasma,6.0,0.55,
Spell_Fire_301,Spell_Fire_301,"Fire Invocation 301",Fire,29,120,0,Burn,5.0,0.60,
Spell_Ice_302,Spell_Ice_302,"Ice Invocation 302",Ice,30,120,0,Freeze,4.0,0.65,
Spell_Lightning_303,Spell_Lightning_303,"Lightning Invocation 303",Lightning,31,121,0,None,0.0,0.00,
Spell_Miasma_304,Spell_Miasma_304,"Miasma Invocation 304",Miasma,32,121,0,Miasma,10.0,0.75,
Spell_Fire_305,Spell_Fire_305,"Fire Invocation 305",Fire,33,121,355,Burn,5.0,0.80,
Spell_Ice_306,Spell_Ice_306,"Ice Invocation 306",Ice,34,122,0,Freeze,2.0,0.85,
Spell_Lightning_307,Spell_Lightning_307,"Lightning Invocation 307",Lightning,35,122,0,None,0.0,0.00,
Spell_Miasma_308,Spell_Miasma_308,"Miasma Invocation 308",Miasma,36,122,0,Miasma,9.0,0.95,
Spell_Fire_309,Spell_Fire_309,"Fire Invocation 309",Fire,37,123,0,Burn,5.0,1.00,
Spell_Ice_310,Spell_Ice_310,"Ice Invocation 310",Ice,38,123,360,Freeze,3.0,0.55,
Spell_Lightning_311,Spell_Lightning_311,"Lightning Invocation 311",Lightning,39,123,0,None,0.0,0.00,
Spell_Miasma_312,Spell_Miasma_312,"Miasma Invocation 312",Miasma,40,124,0,Miasma,8.0,0.65,
Spell_Fire_313,Spell_Fire_313,"Fire Invocation 313",Fire,41,124,0,Burn,5.0,0.70,
Spell_Ice_314,Spell_Ice_314,"Ice Invocation 314",Ice,42,124,0,Freeze,4.0,0.75,
Spell_Lightning_315,Spell_Lightning_315,"Lightning Invocation 315",Lightning,43,125,365,None,0.0,0.00,
Spell_Miasma_316,Spell_Miasma_316,"Miasma Invocation 316",Miasma,44,125,0,Miasma,7.0,0.85,
Spell_Fire_317,Spell_Fire_317,"Fire Invocation 317",Fire,45,125,0,Burn,5.0,0.90,
Spell_Ice_318,Spell_Ice_318,"Ice Invocation 318",Ice,46,126,0,Freeze,2.0,0.95,
Spell_Lightning_319,Spell_Lightning_319,"Lightning Invocation 319",Lightning,47,126,0,None,0.0,0.00,
Spell_Miasma_320,Spell_Miasma_320,"Miasma Invocation 320",Miasma,8,126,370,Miasma,6.0,0.55,
Spell_Fire_321,Spell_Fire_321,"Fire Invocation 321",Fire,9,127,0,Burn,5.0,0.60,
Spell_Ice_322,Spell_Ice_322,"Ice Invocation 322",Ice,10,127,0,Freeze,3.0,0.65,
Spell_Lightning_323,Spell_Lightning_323,"Lightning Invocation 323",Lightning,11,127,0,None,0.0,0.00,
Spell_Miasma_324,Spell_Miasma_324,"Miasma Invocation 324",Miasma,12,128,0,Miasma,10.0,0.75,
Spell_Fire_325,Spell_Fire_325,"Fire Invocation 325",Fire,13,128,375,Burn,5.0,0.80,
Spell_Ice_326,Spell_Ice_326,"Ice Invocation 326",Ice,14,128,0,Freeze,4.0,0.85,
Spell_Lightning_327,Spell_Lightning_327,"Lightning Invocation 327",Lightning,15,129,0,None,0.0,0.00,
Spell_Miasma_328,Spell_Miasma_328,"Miasma Invocation 328",Miasma,16,129,0,Miasma,9.0,0.95,
Spell_Fire_329,Spell_Fire_329,"Fire Invocation 329",Fire,17,129,0,Burn,5.0,1.00,
Spell_Ice_330,Spell_Ice_330,"Ice Invocation 330",Ice,18,130,380,Freeze,2.0,0.55,
Spell_Lightning_331,Spell_Lightning_331,"Lightning Invocation 331",Lightning,19,130,0,None,0.0,0.00,
Spell_Miasma_332,Spell_Miasma_332,"Miasma Invocation 332",Miasma,20,130,0,Miasma,8.0,0.65,
Spell_Fire_333,Spell_Fire_333,"Fire Invocation 333",Fire,21,131,0,Burn,5.0,0.70,
Spell_Ice_334,Spell_Ice_334,"Ice Invocation 334",Ice,22,131,0,Freeze,3.0,0.75,
Spell_Lightning_335,Spell_Lightning_335,"Lightning Invocation 335",Lightning,23,131,385,None,0.0,0.00,
Spell_Miasma_336,Spell_Miasma_336,"Miasma Invocation 336",Miasma,24,132,0,Miasma,7.0,0.85,
Spell_Fire_337,Spell_Fire_337,"Fire Invocation 337",Fire,25,132,0,Burn,5.0,0.90,
Spell_Ice_338,Spell_Ice_338,"Ice Invocation 338",Ice,26,132,0,Freeze,4.0,0.95,
Spell_Lightning_339,Spell_Lightning_339,"Lightning Invocation 339",Lightning,27,133,0,None,0.0,0.00,
Spell_Miasma_340,Spell_Miasma_340,"Miasma Invocation 340",Miasma,28,133,390,Miasma,6.0,0.55,
Spell_Fire_341,Spell_Fire_341,"Fire Invocation 341",Fire,29,133,0,Burn,5.0,0.60,
Spell_Ice_342,Spell_Ice_342,"Ice Invocation 342",Ice,30,134,0,Freeze,2.0,0.65,
Spell_Lightning_343,Spell_Lightning_343,"Lightning Invocation 343",Lightning,31,134,0,None,0.0,0.00,
Spell_Miasma_344,Spell_Miasma_344,"Miasma Invocation 344",Miasma,32,134,0,Miasma,10.0,0.75,
Spell_Fire_345,Spell_Fire_345,"Fire Invocation 345",Fire,33,135,395,Burn,5.0,0.80,
Spell_Ice_346,Spell_Ice_346,"Ice Invocation 346",Ice,34,135,0,Freeze,3.0,0.85,
Spell_Lightning_347,Spell_Lightning_347,"Lightning Invocation 347",Lightning,35,135,0,None,0.0,0.00,
Spell_Miasma_348,Spell_Miasma_348,"Miasma Invocation 348",Miasma,36,136,0,Miasma,9.0,0.95,
Spell_Fire_349,Spell_Fire_349,"Fire Invocation 349",Fire,37,136,0,Burn,5.0,1.00,
Spell_Ice_350,Spell_Ice_350,"Ice Invocation 350",Ice,38,136,400,Freeze,4.0,0.55,
Spell_Lightning_351,Spell_Lightning_351,"Lightning Invocation 351",Lightning,39,137,0,None,0.0,0.00,
Spell_Miasma_352,Spell_Miasma_352,"Miasma Invocation 352",Miasma,40,137,0,Miasma,8.0,0.65,
Spell_Fire_353,Spell_Fire_353,"Fire Invocation 353",Fire,41,137,0,Burn,5.0,0.70,
Spell_Ice_354,Spell_Ice_354,"Ice Invocation 354",Ice,42,138,0,Freeze,2.0,0.75,
Spell_Lightning_355,Spell_Lightning_355,"Lightning Invocation 355",Lightning,43,138,405,None,0.0,0.00,
Spell_Miasma_356,Spell_Miasma_356,"Miasma Invocation 356",Miasma,44,138,0,Miasma,7.0,0.85,
Spell_Fire_357,Spell_Fire_357,"Fire Invocation 357",Fire,45,139,0,Burn,5.0,0.90,
Spell_Ice_358,Spell_Ice_358,"Ice Invocation 358",Ice,46,139,0,Freeze,3.0,0.95,
Spell_Lightning_359,Spell_Lightning_359,"Lightning Invocation 359",Lightning,47,139,0,None,0.0,0.00,
Spell_Miasma_360,Spell_Miasma_360,"Miasma Invocation 360",Miasma,8,140,410,Miasma,6.0,0.55,
Spell_Fire_361,Spell_Fire_361,"Fire Invocation 361",Fire,9,140,0,Burn,5.0,0.60,
Spell_Ice_362,Spell_Ice_362,"Ice Invocation 362",Ice,10,140,0,Freeze,4.0,0.65,
Spell_Lightning_363,Spell_Lightning_363,"Lightning Invocation 363",Lightning,11,141,0,None,0.0,0.00,
Spell_Miasma_364,Spell_Miasma_364,"Miasma Invocation 364",Miasma,12,141,0,Miasma,10.0,0.75,
Spell_Fire_365,Spell_Fire_365,"Fire Invocation 365",Fire,13,141,415,Burn,5.0,0.80,
Spell_Ice_366,Spell_Ice_366,"Ice Invocation 366",Ice,14,142,0,Freeze,2.0,0.85,
Spell_Lightning_367,Spell_Lightning_367,"Lightning Invocation 367",Lightning,15,142,0,None,0.0,0.00,
Spell_Miasma_368,Spell_Miasma_368,"Miasma Invocation 368",Miasma,16,142,0,Miasma,9.0,0.95,
Spell_Fire_369,Spell_Fire_369,"Fire Invocation 369",Fire,17,143,0,Burn,5.0,1.00,
Spell_Ice_370,Spell_Ice_370,"Ice Invocation 370",Ice,18,143,420,Freeze,3.0,0.55,
Spell_Lightning_371,Spell_Lightning_371,"Lightning Invocation 371",Lightning,19,143,0,None,0.0,0.00,
Spell_Miasma_372,Spell_Miasma_372,"Miasma Invocation 372",Miasma,20,144,0,Miasma,8.0,0.65,
Spell_Fire_373,Spell_Fire_373,"Fire Invocation 373",Fire,21,144,0,Burn,5.0,0.70,
Spell_Ice_374,Spell_Ice_374,"Ice Invocation 374",Ice,22,144,0,Freeze,4.0,0.75,
Spell_Lightning_375,Spell_Lightning_375,"Lightning Invocation 375",Lightning,23,145,425,None,0.0,0.00,
Spell_Miasma_376,Spell_Miasma_376,"Miasma Invocation 376",Miasma,24,145,0,Miasma,7.0,0.85,
Spell_Fire_377,Spell_Fire_377,"Fire Invocation 377",Fire,25,145,0,Burn,5.0,0.90,
Spell_Ice_378,Spell_Ice_378,"Ice Invocation 378",Ice,26,146,0,Freeze,2.0,0.95,
Spell_Lightning_379,Spell_Lightning_379,"Lightning Invocation 379",Lightning,27,146,0,None,0.0,0.00,
Spell_Miasma_380,Spell_Miasma_380,"Miasma Invocation 380",Miasma,28,146,430,Miasma,6.0,0.55,
Spell_Fire_381,Spell_Fire_381,"Fire Invocation 381",Fire,29,147,0,Burn,5.0,0.60,
Spell_Ice_382,Spell_Ice_382,"Ice Invocation 382",Ice,30,147,0,Freeze,3.0,0.65,
Spell_Lightning_383,Spell_Lightning_383,"Lightning Invocation 383",Lightning,31,147,0,None,0.0,0.00,
Spell_Miasma_384,Spell_Miasma_384,"Miasma Invocation 384",Miasma,32,148,0,Miasma,10.0,0.75,
Spell_Fire_385,Spell_Fire_385,"Fire Invocation 385",Fire,33,148,435,Burn,5.0,0.80,
Spell_Ice_386,Spell_Ice_386,"Ice Invocation 386",Ice,34,148,0,Freeze,4.0,0.85,
Spell_Lightning_387,Spell_Lightning_387,"Lightning Invocation 387",Lightning,35,149,0,None,0.0,0.00,
Spell_Miasma_388,Spell_Miasma_388,"Miasma Invocation 388",Miasma,36,149,0,Miasma,9.0,0.95,
Spell_Fire_389,Spell_Fire_389,"Fire Invocation 389",Fire,37,149,0,Burn,5.0,1.00,
Spell_Ice_390,Spell_Ice_390,"Ice Invocation 390",Ice,38,150,440,Freeze,2.0,0.55,
Spell_Lightning_391,Spell_Lightning_391,"Lightning Invocation 391",Lightning,39,150,0,None,0.0,0.00,
Spell_Miasma_392,Spell_Miasma_392,"Miasma Invocation 392",Miasma,40,150,0,Miasma,8.0,0.65,
Spell_Fire_393,Spell_Fire_393,"Fire Invocation 393",Fire,41,151,0,Burn,5.0,0.70,
Spell_Ice_394,Spell_Ice_394,"Ice Invocation 394",Ice,42,151,0,Freeze,3.0,0.75,
Spell_Lightning_395,Spell_Lightning_395,"Lightning Invocation 395",Lightning,43,151,445,None,0.0,0.00,
Spell_Miasma_396,Spell_Miasma_396,"Miasma Invocation 396",Miasma,44,152,0,Miasma,7.0,0.85,
Spell_Fire_397,Spell_Fire_397,"Fire Invocation 397",Fire,45,152,0,Burn,5.0,0.90,
Spell_Ice_398,Spell_Ice_398,"Ice Invocation 398",Ice,46,152,0,Freeze,4.0,0.95,
Spell_Lightning_399,Spell_Lightning_399,"Lightning Invocation 399",Lightning,47,153,0,None,0.0,0.00,
Spell_Miasma_400,Spell_Miasma_400,"Miasma Invocation 400",Miasma,8,153,250,Miasma,6.0,0.55,
Spell_Fire_401,Spell_Fire_401,"Fire Invocation 401",Fire,9,153,0,Burn,5.0,0.60,
Spell_Ice_402,Spell_Ice_402,"Ice Invocation 402",Ice,10,154,0,Freeze,2.0,0.65,
Spell_Lightning_403,Spell_Lightning_403,"Lightning Invocation 403",Lightning,11,154,0,None,0.0,0.00,
Spell_Miasma_404,Spell_Miasma_404,"Miasma Invocation 404",Miasma,12,154,0,Miasma,10.0,0.75,
Spell_Fire_405,Spell_Fire_405,"Fire Invocation 405",Fire,13,155,255,Burn,5.0,0.80,
Spell_Ice_406,Spell_Ice_406,"Ice Invocation 406",Ice,14,155,0,Freeze,3.0,0.85,
Spell_Lightning_407,Spell_Lightning_407,"Lightning Invocation 407",Lightning,15,155,0,None,0.0,0.00,
Spell_Miasma_408,Spell_Miasma_408,"Miasma Invocation 408",Miasma,16,156,0,Miasma,9.0,0.95,
Spell_Fire_409,Spell_Fire_409,"Fire Invocation 409",Fire,17,156,0,Burn,5.0,1.00,
Spell_Ice_410,Spell_Ice_410,"Ice Invocation 410",Ice,18,156,260,Freeze,4.0,0.55,
Spell_Lightning_411,Spell_Lightning_411,"Lightning Invocation 411",Lightning,19,157,0,None,0.0,0.00,
Spell_Miasma_412,Spell_Miasma_412,"Miasma Invocation 412",Miasma,20,157,0,Miasma,8.0,0.65,
Spell_Fire_413,Spell_Fire_413,"Fire Invocation 413",Fire,21,157,0,Burn,5.0,0.70,
Spell_Ice_414,Spell_Ice_414,"Ice Invocation 414",Ice,22,158,0,Freeze,2.0,0.75,
Spell_Lightning_415,Spell_Lightning_415,"Lightning Invocation 415",Lightning,23,158,265,None,0.0,0.00,
Spell_Miasma_416,Spell_Miasma_416,"Miasma Invocation 416",Miasma,24,158,0,Miasma,7.0,0.85,
Spell_Fire_417,Spell_Fire_417,"Fire Invocation 417",Fire,25,159,0,Burn,5.0,0.90,
Spell_Ice_418,Spell_Ice_418,"Ice Invocation 418",Ice,26,159,0,Freeze,3.0,0.95,
Spell_Lightning_419,Spell_Lightning_419,"Lightning Invocation 419",Lightning,27,159,0,None,0.0,0.00,
Spell_Miasma_420,Spell_Miasma_420,"Miasma Invocation 420",Miasma,28,160,270,Miasma,6.0,0.55,
Spell_Fire_421,Spell_Fire_421,"Fire Invocation 421",Fire,29,160,0,Burn,5.0,0.60,
Spell_Ice_422,Spell_Ice_422,"Ice Invocation 422",Ice,30,160,0,Freeze,4.0,0.65,
Spell_Lightning_423,Spell_Lightning_423,"Lightning Invocation 423",Lightning,31,161,0,None,0.0,0.00,
Spell_Miasma_424,Spell_Miasma_424,"Miasma Invocation 424",Miasma,32,161,0,Miasma,10.0,0.75,
Spell_Fire_425,Spell_Fire_425,"Fire Invocation 425",Fire,33,161,275,Burn,5.0,0.80,
Spell_Ice_426,Spell_Ice_426,"Ice Invocation 426",Ice,34,162,0,Freeze,2.0,0.85,
Spell_Lightning_427,Spell_Lightning_427,"Lightning Invocation 427",Lightning,35,162,0,None,0.0,0.00,
Spell_Miasma_428,Spell_Miasma_428,"Miasma Invocation 428",Miasma,36,162,0,Miasma,9.0,0.95,
Spell_Fire_429,Spell_Fire_429,"Fire Invocation 429",Fire,37,163,0,Burn,5.0,1.00,
Spell_Ice_430,Spell_Ice_430,"Ice Invocation 430",Ice,38,163,280,Freeze,3.0,0.55,
Spell_Lightning_431,Spell_Lightning_431,"Lightning Invocation 431",Lightning,39,163,0,None,0.0,0.00,
Spell_Miasma_432,Spell_Miasma_432,"Miasma Invocation 432",Miasma,40,164,0,Miasma,8.0,0.65,
Spell_Fire_433,Spell_Fire_433,"Fire Invocation 433",Fire,41,164,0,Burn,5.0,0.70,
Spell_Ice_434,Spell_Ice_434,"Ice Invocation 434",Ice,42,164,0,Freeze,4.0,0.75,
Spell_Lightning_435,Spell_Lightning_435,"Lightning Invocation 435",Lightning,43,165,285,None,0.0,0.00,
Spell_Miasma_436,Spell_Miasma_436,"Miasma Invocation 436",Miasma,44,165,0,Miasma,7.0,0.85,
Spell_Fire_437,Spell_Fire_437,"Fire Invocation 437",Fire,45,165,0,Burn,5.0,0.90,
Spell_Ice_438,Spell_Ice_438,"Ice Invocation 438",Ice,46,166,0,Freeze,2.0,0.95,
Spell_Lightning_439,Spell_Lightning_439,"Lightning Invocation 439",Lightning,47,166,0,None,0.0,0.00,
Spell_Miasma_440,Spell_Miasma_440,"Miasma Invocation 440",Miasma,8,166,290,Miasma,6.0,0.55,
Spell_Fire_441,Spell_Fire_441,"Fire Invocation 441",Fire,9,167,0,Burn,5.0,0.60,
Spell_Ice_442,Spell_Ice_442,"Ice Invocation 442",Ice,10,167,0,Freeze,3.0,0.65,
Spell_Lightning_443,Spell_Lightning_443,"Lightning Invocation 443",Lightning,11,167,0,None,0.0,0.00,
Spell_Miasma_444,Spell_Miasma_444,"Miasma Invocation 444",Miasma,12,168,0,Miasma,10.0,0.75,
Spell_Fire_445,Spell_Fire_445,"Fire Invocation 445",Fire,13,168,295,Burn,5.0,0.80,
Spell_Ice_446,Spell_Ice_446,"Ice Invocation 446",Ice,14,168,0,Freeze,4.0,0.85,
Spell_Lightning_447,Spell_Lightning_447,"Lightning Invocation 447",Lightning,15,169,0,None,0.0,0.00,
Spell_Miasma_448,Spell_Miasma_448,"Miasma Invocation 448",Miasma,16,169,0,Miasma,9.0,0.95,
Spell_Fire_449,Spell_Fire_449,"Fire Invocation 449",Fire,17,169,0,Burn,5.0,1.00,
Spell_Ice_450,Spell_Ice_450,"Ice Invocation 450",Ice,18,170,300,Freeze,2.0,0.55,
Spell_Lightning_451,Spell_Lightning_451,"Lightning Invocation 451",Lightning,19,170,0,None,0.0,0.00,
Spell_Miasma_452,Spell_Miasma_452,"Miasma Invocation 452",Miasma,20,170,0,Miasma,8.0,0.65,
Spell_Fire_453,Spell_Fire_453,"Fire Invocation 453",Fire,21,171,0,Burn,5.0,0.70,
Spell_Ice_454,Spell_Ice_454,"Ice Invocation 454",Ice,22,171,0,Freeze,3.0,0.75,
Spell_Lightning_455,Spell_Lightning_455,"Lightning Invocation 455",Lightning,23,171,305,None,0.0,0.00,
Spell_Miasma_456,Spell_Miasma_456,"Miasma Invocation 456",Miasma,24,172,0,Miasma,7.0,0.85,
Spell_Fire_457,Spell_Fire_457,"Fire Invocation 457",Fire,25,172,0,Burn,5.0,0.90,
Spell_Ice_458,Spell_Ice_458,"Ice Invocation 458",Ice,26,172,0,Freeze,4.0,0.95,
Spell_Lightning_459,Spell_Lightning_459,"Lightning Invocation 459",Lightning,27,173,0,None,0.0,0.00,
Spell_Miasma_460,Spell_Miasma_460,"Miasma Invocation 460",Miasma,28,173,310,Miasma,6.0,0.55,
Spell_Fire_461,Spell_Fire_461,"Fire Invocation 461",Fire,29,173,0,Burn,5.0,0.60,
Spell_Ice_462,Spell_Ice_462,"Ice Invocation 462",Ice,30,174,0,Freeze,2.0,0.65,
Spell_Lightning_463,Spell_Lightning_463,"Lightning Invocation 463",Lightning,31,174,0,None,0.0,0.00,
Spell_Miasma_464,Spell_Miasma_464,"Miasma Invocation 464",Miasma,32,174,0,Miasma,10.0,0.75,
Spell_Fire_465,Spell_Fire_465,"Fire Invocation 465",Fire,33,175,315,Burn,5.0,0.80,
Spell_Ice_466,Spell_Ice_466,"Ice Invocation 466",Ice,34,175,0,Freeze,3.0,0.85,
Spell_Lightning_467,Spell_Lightning_467,"Lightning Invocation 467",Lightning,35,175,0,None,0.0,0.00,
Spell_Miasma_468,Spell_Miasma_468,"Miasma Invocation 468",Miasma,36,176,0,Miasma,9.0,0.95,
Spell_Fire_469,Spell_Fire_469,"Fire Invocation 469",Fire,37,176,0,Burn,5.0,1.00,
Spell_Ice_470,Spell_Ice_470,"Ice Invocation 470",Ice,38,176,320,Freeze,4.0,0.55,
Spell_Lightning_471,Spell_Lightning_471,"Lightning Invocation 471",Lightning,39,177,0,None,0.0,0.00,
Spell_Miasma_472,Spell_Miasma_472,"Miasma Invocation 472",Miasma,40,177,0,Miasma,8.0,0.65,
Spell_Fire_473,Spell_Fire_473,"Fire Invocation 473",Fire,41,177,0,Burn,5.0,0.70,
Spell_Ice_474,Spell_Ice_474,"Ice Invocation 474",Ice,42,178,0,Freeze,2.0,0.75,
Spell_Lightning_475,Spell_Lightning_475,"Lightning Invocation 475",Lightning,43,178,325,None,0.0,0.00,
Spell_Miasma_476,Spell_Miasma_476,"Miasma Invocation 476",Miasma,44,178,0,Miasma,7.0,0.85,
Spell_Fire_477,Spell_Fire_477,"Fire Invocation 477",Fire,45,179,0,Burn,5.0,0.90,
Spell_Ice_478,Spell_Ice_478,"Ice Invocation 478",Ice,46,179,0,Freeze,3.0,0.95,
Spell_Lightning_479,Spell_Lightning_479,"Lightning Invocation 479",Lightning,47,179,0,None,0.0,0.00,
Spell_Miasma_480,Spell_Miasma_480,"Miasma Invocation 480",Miasma,8,180,330,Miasma,6.0,0.55,
Spell_Fire_481,Spell_Fire_481,"Fire Invocation 481",Fire,9,180,0,Burn,5.0,0.60,
Spell_Ice_482,Spell_Ice_482,"Ice Invocation 482",Ice,10,180,0,Freeze,4.0,0.65,
Spell_Lightning_483,Spell_Lightning_483,"Lightning Invocation 483",Lightning,11,181,0,None,0.0,0.00,
Spell_Miasma_484,Spell_Miasma_484,"Miasma Invocation 484",Miasma,12,181,0,Miasma,10.0,0.75,
Spell_Fire_485,Spell_Fire_485,"Fire Invocation 485",Fire,13,181,335,Burn,5.0,0.80,
Spell_Ice_486,Spell_Ice_486,"Ice Invocation 486",Ice,14,182,0,Freeze,2.0,0.85,
Spell_Lightning_487,Spell_Lightning_487,"Lightning Invocation 487",Lightning,15,182,0,None,0.0,0.00,
Spell_Miasma_488,Spell_Miasma_488,"Miasma Invocation 488",Miasma,16,182,0,Miasma,9.0,0.95,
Spell_Fire_489,Spell_Fire_489,"Fire Invocation 489",Fire,17,183,0,Burn,5.0,1.00,
Spell_Ice_490,Spell_Ice_490,"Ice Invocation 490",Ice,18,183,340,Freeze,3.0,0.55,
Spell_Lightning_491,Spell_Lightning_491,"Lightning Invocation 491",Lightning,19,183,0,None,0.0,0.00,
Spell_Miasma_492,Spell_Miasma_492,"Miasma Invocation 492",Miasma,20,184,0,Miasma,8.0,0.65,
Spell_Fire_493,Spell_Fire_493,"Fire Invocation 493",Fire,21,184,0,Burn,5.0,0.70,
Spell_Ice_494,Spell_Ice_494,"Ice Invocation 494",Ice,22,184,0,Freeze,4.0,0.75,
Spell_Lightning_495,Spell_Lightning_495,"Lightning Invocation 495",Lightning,23,185,345,None,0.0,0.00,
Spell_Miasma_496,Spell_Miasma_496,"Miasma Invocation 496",Miasma,24,185,0,Miasma,7.0,0.85,
Spell_Fire_497,Spell_Fire_497,"Fire Invocation 497",Fire,25,185,0,Burn,5.0,0.90,
Spell_Ice_498,Spell_Ice_498,"Ice Invocation 498",Ice,26,186,0,Freeze,2.0,0.95,
Spell_Lightning_499,Spell_Lightning_499,"Lightning Invocation 499",Lightning,27,186,0,None,0.0,0.00,
Spell_Miasma_500,Spell_Miasma_500,"Miasma Invocation 500",Miasma,28,186,350,Miasma,6.0,0.55,
