Name,WeaponId,WeaponName,bIsWand,BasePhysicalDamage,BaseMagicalMultiplier,EquipmentSlot,WeaponMeshAsset
Sword_0001,Sword_0001,"Sword 0001",false,12,1.01,MainHand,
Wand_0002,Wand_0002,"Wand 0002",true,6,1.12,MainHand,
Sword_0003,Sword_0003,"Sword 0003",false,12,1.02,MainHand,
Wand_0004,Wand_0004,"Wand 0004",true,6,1.14,MainHand,
Sword_0005,Sword_0005,"Sword 0005",false,12,1.03,MainHand,
Wand_0006,Wand_0006,"Wand 0006",true,6,1.16,MainHand,
Sword_0007,Sword_0007,"Sword 0007",false,12,1.04,MainHand,
Wand_0008,Wand_0008,"Wand 0008",true,6,1.18,MainHand,
Sword_0009,Sword_0009,"Sword 0009",false,12,1.05,MainHand,
Wand_0010,Wand_0010,"Wand 0010",true,6,1.20,MainHand,
Sword_0011,Sword_0011,"Sword 0011",false,12,1.06,MainHand,
Wand_0012,Wand_0012,"Wand 0012",true,6,1.22,MainHand,
Sword_0013,Sword_0013,"Sword 0013",false,13,1.07,MainHand,
Wand_0014,Wand_0014,"Wand 0014",true,6,1.24,MainHand,
Sword_0015,Sword_0015,"Sword 0015",false,13,1.08,MainHand,
Wand_0016,Wand_0016,"Wand 0016",true,6,1.26,MainHand,
Sword_0017,Sword_0017,"Sword 0017",false,13,1.09,MainHand,
Wand_0018,Wand_0018,"Wand 0018",true,6,1.28,MainHand,
Sword_0019,Sword_0019,"Sword 0019",false,13,1.10,MainHand,
Wand_0020,Wand_0020,"Wand 0020",true,7,1.30,MainHand,
Sword_0021,Sword_0021,"Sword 0021",false,13,1.11,MainHand,
Wand_0022,Wand_0022,"Wand 0022",true,7,1.32,MainHand,
Sword_0023,Sword_0023,"Sword 0023",false,13,1.12,MainHand,
Wand_0024,Wand_0024,"Wand 0024",true,7,1.34,MainHand,
Sword_0025,Sword_0025,"Sword 0025",false,14,1.00,MainHand,
Wand_0026,Wand_0026,"Wand 0026",true,7,1.36,MainHand,
Sword_0027,Sword_0027,"Sword 0027",false,14,1.01,MainHand,
Wand_0028,Wand_0028,"Wand 0028",true,7,1.38,MainHand,
Sword_0029,Sword_0029,"Sword 0029",false,14,1.02,MainHand,
Wand_0030,Wand_0030,"Wand 0030",true,7,1.40,MainHand,
Sword_0031,Sword_0031,"Sword 0031",false,14,1.03,MainHand,
Wand_0032,Wand_0032,"Wand 0032",true,7,1.42,MainHand,
Sword_0033,Sword_0033,"Sword 0033",false,14,1.04,MainHand,
Wand_0034,Wand_0034,"Wand 0034",true,7,1.44,MainHand,
Sword_0035,Sword_0035,"Sword 0035",false,14,1.05,MainHand,
Wand_0036,Wand_0036,"Wand 0036",true,7,1.46,MainHand,
Sword_0037,Sword_0037,"Sword 0037",false,15,1.06,MainHand,
Wand_0038,Wand_0038,"Wand 0038",true,7,1.48,MainHand,
Sword_0039,Sword_0039,"Sword 0039",false,15,1.07,MainHand,
Wand_0040,Wand_0040,"Wand 0040",true,8,1.50,MainHand,
Sword_0041,Sword_0041,"Sword 0041",false,15,1.08,MainHand,
Wand_0042,Wand_0042,"Wand 0042",true,8,1.52,MainHand,
Sword_0043,Sword_0043,"Sword 0043",false,15,1.09,MainHand,
Wand_0044,Wand_0044,"Wand 0044",true,8,1.54,MainHand,
Sword_0045,Sword_0045,"Sword 0045",false,15,1.10,MainHand,
Wand_0046,Wand_0046,"Wand 0046",true,8,1.56,MainHand,
Sword_0047,Sword_0047,"Sword 0047",false,15,1.11,MainHand,
Wand_0048,Wand_0048,"Wand 0048",true,8,1.58,MainHand,
Sword_0049,Sword_0049,"Sword 0049",false,16,1.12,MainHand,
Wand_0050,Wand_0050,"Wand 0050",true,8,1.60,MainHand,
Sword_0051,Sword_0051,"Sword 0051",false,16,1.01,MainHand,
Wand_0052,Wand_0052,"Wand 0052",true,8,1.62,MainHand,
Sword_0053,Sword_0053,"Sword 0053",false,16,1.02,MainHand,
Wand_0054,Wand_0054,"Wand 0054",true,8,1.64,MainHand,
Sword_0055,Sword_0055,"Sword 0055",false,16,1.03,MainHand,
Wand_0056,Wand_0056,"Wand 0056",true,8,1.66,MainHand,
Sword_0057,Sword_0057,"Sword 0057",false,16,1.04,MainHand,
Wand_0058,Wand_0058,"Wand 0058",true,8,1.68,MainHand,
Sword_0059,Sword_0059,"Sword 0059",false,16,1.05,MainHand,
Wand_0060,Wand_0060,"Wand 0060",true,9,1.70,MainHand,
Sword_0061,Sword_0061,"Sword 0061",false,17,1.06,MainHand,
Wand_0062,Wand_0062,"Wand 0062",true,9,1.72,MainHand,
Sword_0063,Sword_0063,"Sword 0063",false,17,1.07,MainHand,
Wand_0064,Wand_0064,"Wand 0064",true,9,1.74,MainHand,
Sword_0065,Sword_0065,"Sword 0065",false,17,1.08,MainHand,
Wand_0066,Wand_0066,"Wand 0066",true,9,1.76,MainHand,
Sword_0067,Sword_0067,"Sword 0067",false,17,1.09,MainHand,
Wand_0068,Wand_0068,"Wand 0068",true,9,1.78,MainHand,
Sword_0069,Sword_0069,"Sword 0069",false,17,1.10,MainHand,
Wand_0070,Wand_0070,"Wand 0070",true,9,1.80,MainHand,
Sword_0071,Sword_0071,"Sword 0071",false,17,1.11,MainHand,
Wand_0072,Wand_0072,"Wand 0072",true,9,1.82,MainHand,
Sword_0073,Sword_0073,"Sword 0073",false,18,1.12,MainHand,
Wand_0074,Wand_0074,"Wand 0074",true,9,1.84,MainHand,
Sword_0075,Sword_0075,"Sword 0075",false,18,1.00,MainHand,
Wand_0076,Wand_0076,"Wand 0076",true,9,1.11,MainHand,
Sword_0077,Sword_0077,"Sword 0077",false,18,1.01,MainHand,
Wand_0078,Wand_0078,"Wand 0078",true,9,1.13,MainHand,
Sword_0079,Sword_0079,"Sword 0079",false,18,1.02,MainHand,
Wand_0080,Wand_0080,"Wand 0080",true,10,1.15,MainHand,
Sword_0081,Sword_0081,"Sword 0081",false,18,1.03,MainHand,
Wand_0082,Wand_0082,"Wand 0082",true,10,1.17,MainHand,
Sword_0083,Sword_0083,"Sword 0083",false,18,1.04,MainHand,
Wand_0084,Wand_0084,"Wand 0084",true,10,1.19,MainHand,
Sword_0085,Sword_0085,"Sword 0085",false,19,1.05,MainHand,
Wand_0086,Wand_0086,"Wand 0086",true,10,1.21,MainHand,
Sword_0087,Sword_0087,"Sword 0087",false,19,1.06,MainHand,
Wand_0088,Wand_0088,"Wand 0088",true,10,1.23,MainHand,
Sword_0089,Sword_0089,"Sword 0089",false,19,1.07,MainHand,
Wand_0090,Wand_0090,"Wand 0090",true,10,1.25,MainHand,
Sword_0091,Sword_0091,"Sword 0091",false,19,1.08,MainHand,
Wand_0092,Wand_0092,"Wand 0092",true,10,1.27,MainHand,
Sword_0093,Sword_0093,"Sword 0093",false,19,1.09,MainHand,
Wand_0094,Wand_0094,"Wand 0094",true,10,1.29,MainHand,
Sword_0095,Sword_0095,"Sword 0095",false,19,1.10,MainHand,
Wand_0096,Wand_0096,"Wand 0096",true,10,1.31,MainHand,
Sword_0097,Sword_0097,"Sword 0097",false,20,1.11,MainHand,
Wand_0098,Wand_0098,"Wand 0098",true,10,1.33,MainHand,
Sword_0099,Sword_0099,"Sword 0099",false,20,1.12,MainHand,
Wand_0100,Wand_0100,"Wand 0100",true,11,1.35,MainHand,
Sword_0101,Sword_0101,"Sword 0101",false,20,1.01,MainHand,
Wand_0102,Wand_0102,"Wand 0102",true,11,1.37,MainHand,
Sword_0103,Sword_0103,"Sword 0103",false,20,1.02,MainHand,
Wand_0104,Wand_0104,"Wand 0104",true,11,1.39,MainHand,
Sword_0105,Sword_0105,"Sword 0105",false,20,1.03,MainHand,
Wand_0106,Wand_0106,"Wand 0106",true,11,1.41,MainHand,
Sword_0107,Sword_0107,"Sword 0107",false,20,1.04,MainHand,
Wand_0108,Wand_0108,"Wand 0108",true,11,1.43,MainHand,
Sword_0109,Sword_0109,"Sword 0109",false,21,1.05,MainHand,
Wand_0110,Wand_0110,"Wand 0110",true,11,1.45,MainHand,
Sword_0111,Sword_0111,"Sword 0111",false,21,1.06,MainHand,
Wand_0112,Wand_0112,"Wand 0112",true,11,1.47,MainHand,
Sword_0113,Sword_0113,"Sword 0113",false,21,1.07,MainHand,
Wand_0114,Wand_0114,"Wand 0114",true,11,1.49,MainHand,
Sword_0115,Sword_0115,"Sword 0115",false,21,1.08,MainHand,
Wand_0116,Wand_0116,"Wand 0116",true,11,1.51,MainHand,
Sword_0117,Sword_0117,"Sword 0117",false,21,1.09,MainHand,
Wand_0118,Wand_0118,"Wand 0118",true,11,1.53,MainHand,
Sword_0119,Sword_0119,"Sword 0119",false,21,1.10,MainHand,
Wand_0120,Wand_0120,"Wand 0120",true,12,1.55,MainHand,
Sword_0121,Sword_0121,"Sword 0121",false,22,1.11,MainHand,
Wand_0122,Wand_0122,"Wand 0122",true,12,1.57,MainHand,
Sword_0123,Sword_0123,"Sword 0123",false,22,1.12,MainHand,
Wand_0124,Wand_0124,"Wand 0124",true,12,1.59,MainHand,
Sword_0125,Sword_0125,"Sword 0125",false,22,1.00,MainHand,
Wand_0126,Wand_0126,"Wand 0126",true,12,1.61,MainHand,
Sword_0127,Sword_0127,"Sword 0127",false,22,1.01,MainHand,
Wand_0128,Wand_0128,"Wand 0128",true,12,1.63,MainHand,
Sword_0129,Sword_0129,"Sword 0129",false,22,1.02,MainHand,
Wand_0130,Wand_0130,"Wand 0130",true,12,1.65,MainHand,
Sword_0131,Sword_0131,"Sword 0131",false,22,1.03,MainHand,
Wand_0132,Wand_0132,"Wand 0132",true,12,1.67,MainHand,
Sword_0133,Sword_0133,"Sword 0133",false,23,1.04,MainHand,
Wand_0134,Wand_0134,"Wand 0134",true,12,1.69,MainHand,
Sword_0135,Sword_0135,"Sword 0135",false,23,1.05,MainHand,
Wand_0136,Wand_0136,"Wand 0136",true,12,1.71,MainHand,
Sword_0137,Sword_0137,"Sword 0137",false,23,1.06,MainHand,
Wand_0138,Wand_0138,"Wand 0138",true,12,1.73,MainHand,
Sword_0139,Sword_0139,"Sword 0139",false,23,1.07,MainHand,
Wand_0140,Wand_0140,"Wand 0140",true,13,1.75,MainHand,
Sword_0141,Sword_0141,"Sword 0141",false,23,1.08,MainHand,
Wand_0142,Wand_0142,"Wand 0142",true,13,1.77,MainHand,
Sword_0143,Sword_0143,"Sword 0143",false,23,1.09,MainHand,
Wand_0144,Wand_0144,"Wand 0144",true,13,1.79,MainHand,
Sword_0145,Sword_0145,"Sword 0145",false,24,1.10,MainHand,
Wand_0146,Wand_0146,"Wand 0146",true,13,1.81,MainHand,
Sword_0147,Sword_0147,"Sword 0147",false,24,1.11,MainHand,
Wand_0148,Wand_0148,"Wand 0148",true,13,1.83,MainHand,
Sword_0149,Sword_0149,"Sword 0149",false,24,1.12,MainHand,
Wand_0150,Wand_0150,"Wand 0150",true,13,1.10,MainHand,
Sword_0151,Sword_0151,"Sword 0151",false,24,1.01,MainHand,
Wand_0152,Wand_0152,"Wand 0152",true,13,1.12,MainHand,
Sword_0153,Sword_0153,"Sword 0153",false,24,1.02,MainHand,
Wand_0154,Wand_0154,"Wand 0154",true,13,1.14,MainHand,
Sword_0155,Sword_0155,"Sword 0155",false,24,1.03,MainHand,
Wand_0156,Wand_0156,"Wand 0156",true,13,1.16,MainHand,
Sword_0157,Sword_0157,"Sword 0157",false,25,1.04,MainHand,
Wand_0158,Wand_0158,"Wand 0158",true,13,1.18,MainHand,
Sword_0159,Sword_0159,"Sword 0159",false,25,1.05,MainHand,
Wand_0160,Wand_0160,"Wand 0160",true,14,1.20,MainHand,
Sword_0161,Sword_0161,"Sword 0161",false,25,1.06,MainHand,
Wand_0162,Wand_0162,"Wand 0162",true,14,1.22,MainHand,
Sword_0163,Sword_0163,"Sword 0163",false,25,1.07,MainHand,
Wand_0164,Wand_0164,"Wand 0164",true,14,1.24,MainHand,
Sword_0165,Sword_0165,"Sword 0165",false,25,1.08,MainHand,
Wand_0166,Wand_0166,"Wand 0166",true,14,1.26,MainHand,
Sword_0167,Sword_0167,"Sword 0167",false,25,1.09,MainHand,
Wand_0168,Wand_0168,"Wand 0168",true,14,1.28,MainHand,
Sword_0169,Sword_0169,"Sword 0169",false,26,1.10,MainHand,
Wand_0170,Wand_0170,"Wand 0170",true,14,1.30,MainHand,
Sword_0171,Sword_0171,"Sword 0171",false,26,1.11,MainHand,
Wand_0172,Wand_0172,"Wand 0172",true,14,1.32,MainHand,
Sword_0173,Sword_0173,"Sword 0173",false,26,1.12,MainHand,
Wand_0174,Wand_0174,"Wand 0174",true,14,1.34,MainHand,
Sword_0175,Sword_0175,"Sword 0175",false,26,1.00,MainHand,
Wand_0176,Wand_0176,"Wand 0176",true,14,1.36,MainHand,
Sword_0177,Sword_0177,"Sword 0177",false,26,1.01,MainHand,
Wand_0178,Wand_0178,"Wand 0178",true,14,1.38,MainHand,
Sword_0179,Sword_0179,"Sword 0179",false,26,1.02,MainHand,
Wand_0180,Wand_0180,"Wand 0180",true,15,1.40,MainHand,
Sword_0181,Sword_0181,"Sword 0181",false,27,1.03,MainHand,
Wand_0182,Wand_0182,"Wand 0182",true,15,1.42,MainHand,
Sword_0183,Sword_0183,"Sword 0183",false,27,1.04,MainHand,
Wand_0184,Wand_0184,"Wand 0184",true,15,1.44,MainHand,
Sword_0185,Sword_0185,"Sword 0185",false,27,1.05,MainHand,
Wand_0186,Wand_0186,"Wand 0186",true,15,1.46,MainHand,
Sword_0187,Sword_0187,"Sword 0187",false,27,1.06,MainHand,
Wand_0188,Wand_0188,"Wand 0188",true,15,1.48,MainHand,
Sword_0189,Sword_0189,"Sword 0189",false,27,1.07,MainHand,
Wand_0190,Wand_0190,"Wand 0190",true,15,1.50,MainHand,
Sword_0191,Sword_0191,"Sword 0191",false,27,1.08,MainHand,
Wand_0192,Wand_0192,"Wand 0192",true,15,1.52,MainHand,
Sword_0193,Sword_0193,"Sword 0193",false,28,1.09,MainHand,
Wand_0194,Wand_0194,"Wand 0194",true,15,1.54,MainHand,
Sword_0195,Sword_0195,"Sword 0195",false,28,1.10,MainHand,
Wand_0196,Wand_0196,"Wand 0196",true,15,1.56,MainHand,
Sword_0197,Sword_0197,"Sword 0197",false,28,1.11,MainHand,
Wand_0198,Wand_0198,"Wand 0198",true,15,1.58,MainHand,
Sword_0199,Sword_0199,"Sword 0199",false,28,1.12,MainHand,
Wand_0200,Wand_0200,"Wand 0200",true,16,1.60,MainHand,
Sword_0201,Sword_0201,"Sword 0201",false,28,1.01,MainHand,
Wand_0202,Wand_0202,"Wand 0202",true,16,1.62,MainHand,
Sword_0203,Sword_0203,"Sword 0203",false,28,1.02,MainHand,
Wand_0204,Wand_0204,"Wand 0204",true,16,1.64,MainHand,
Sword_0205,Sword_0205,"Sword 0205",false,29,1.03,MainHand,
Wand_0206,Wand_0206,"Wand 0206",true,16,1.66,MainHand,
Sword_0207,Sword_0207,"Sword 0207",false,29,1.04,MainHand,
Wand_0208,Wand_0208,"Wand 0208",true,16,1.68,MainHand,
Sword_0209,Sword_0209,"Sword 0209",false,29,1.05,MainHand,
Wand_0210,Wand_0210,"Wand 0210",true,16,1.70,MainHand,
Sword_0211,Sword_0211,"Sword 0211",false,29,1.06,MainHand,
Wand_0212,Wand_0212,"Wand 0212",true,16,1.72,MainHand,
Sword_0213,Sword_0213,"Sword 0213",false,29,1.07,MainHand,
Wand_0214,Wand_0214,"Wand 0214",true,16,1.74,MainHand,
Sword_0215,Sword_0215,"Sword 0215",false,29,1.08,MainHand,
Wand_0216,Wand_0216,"Wand 0216",true,16,1.76,MainHand,
Sword_0217,Sword_0217,"Sword 0217",false,30,1.09,MainHand,
Wand_0218,Wand_0218,"Wand 0218",true,16,1.78,MainHand,
Sword_0219,Sword_0219,"Sword 0219",false,30,1.10,MainHand,
Wand_0220,Wand_0220,"Wand 0220",true,17,1.80,MainHand,
Sword_0221,Sword_0221,"Sword 0221",false,30,1.11,MainHand,
Wand_0222,Wand_0222,"Wand 0222",true,17,1.82,MainHand,
Sword_0223,Sword_0223,"Sword 0223",false,30,1.12,MainHand,
Wand_0224,Wand_0224,"Wand 0224",true,17,1.84,MainHand,
Sword_0225,Sword_0225,"Sword 0225",false,30,1.00,MainHand,
Wand_0226,Wand_0226,"Wand 0226",true,17,1.11,MainHand,
Sword_0227,Sword_0227,"Sword 0227",false,30,1.01,MainHand,
Wand_0228,Wand_0228,"Wand 0228",true,17,1.13,MainHand,
Sword_0229,Sword_0229,"Sword 0229",false,31,1.02,MainHand,
Wand_0230,Wand_0230,"Wand 0230",true,17,1.15,MainHand,
Sword_0231,Sword_0231,"Sword 0231",false,31,1.03,MainHand,
Wand_0232,Wand_0232,"Wand 0232",true,17,1.17,MainHand,
Sword_0233,Sword_0233,"Sword 0233",false,31,1.04,MainHand,
Wand_0234,Wand_0234,"Wand 0234",true,17,1.19,MainHand,
Sword_0235,Sword_0235,"Sword 0235",false,31,1.05,MainHand,
Wand_0236,Wand_0236,"Wand 0236",true,17,1.21,MainHand,
Sword_0237,Sword_0237,"Sword 0237",false,31,1.06,MainHand,
Wand_0238,Wand_0238,"Wand 0238",true,17,1.23,MainHand,
Sword_0239,Sword_0239,"Sword 0239",false,31,1.07,MainHand,
Wand_0240,Wand_0240,"Wand 0240",true,18,1.25,MainHand,
Sword_0241,Sword_0241,"Sword 0241",false,32,1.08,MainHand,
Wand_0242,Wand_0242,"Wand 0242",true,18,1.27,MainHand,
Sword_0243,Sword_0243,"Sword 0243",false,32,1.09,MainHand,
Wand_0244,Wand_0244,"Wand 0244",true,18,1.29,MainHand,
Sword_0245,Sword_0245,"Sword 0245",false,32,1.10,MainHand,
Wand_0246,Wand_0246,"Wand 0246",true,18,1.31,MainHand,
Sword_0247,Sword_0247,"Sword 0247",false,32,1.11,MainHand,
Wand_0248,Wand_0248,"Wand 0248",true,18,1.33,MainHand,
Sword_0249,Sword_0249,"Sword 0249",false,32,1.12,MainHand,
Wand_0250,Wand_0250,"Wand 0250",true,18,1.35,MainHand,
Sword_0251,Sword_0251,"Sword 0251",false,32,1.01,MainHand,
Wand_0252,Wand_0252,"Wand 0252",true,18,1.37,MainHand,
Sword_0253,Sword_0253,"Sword 0253",false,33,1.02,MainHand,
Wand_0254,Wand_0254,"Wand 0254",true,18,1.39,MainHand,
Sword_0255,Sword_0255,"Sword 0255",false,33,1.03,MainHand,
Wand_0256,Wand_0256,"Wand 0256",true,18,1.41,MainHand,
Sword_0257,Sword_0257,"Sword 0257",false,33,1.04,MainHand,
Wand_0258,Wand_0258,"Wand 0258",true,18,1.43,MainHand,
Sword_0259,Sword_0259,"Sword 0259",false,33,1.05,MainHand,
Wand_0260,Wand_0260,"Wand 0260",true,19,1.45,MainHand,
Sword_0261,Sword_0261,"Sword 0261",false,33,1.06,MainHand,
Wand_0262,Wand_0262,"Wand 0262",true,19,1.47,MainHand,
Sword_0263,Sword_0263,"Sword 0263",false,33,1.07,MainHand,
Wand_0264,Wand_0264,"Wand 0264",true,19,1.49,MainHand,
Sword_0265,Sword_0265,"Sword 0265",false,34,1.08,MainHand,
Wand_0266,Wand_0266,"Wand 0266",true,19,1.51,MainHand,
Sword_0267,Sword_0267,"Sword 0267",false,34,1.09,MainHand,
Wand_0268,Wand_0268,"Wand 0268",true,19,1.53,MainHand,
Sword_0269,Sword_0269,"Sword 0269",false,34,1.10,MainHand,
Wand_0270,Wand_0270,"Wand 0270",true,19,1.55,MainHand,
Sword_0271,Sword_0271,"Sword 0271",false,34,1.11,MainHand,
Wand_0272,Wand_0272,"Wand 0272",true,19,1.57,MainHand,
Sword_0273,Sword_0273,"Sword 0273",false,34,1.12,MainHand,
Wand_0274,Wand_0274,"Wand 0274",true,19,1.59,MainHand,
Sword_0275,Sword_0275,"Sword 0275",false,34,1.00,MainHand,
Wand_0276,Wand_0276,"Wand 0276",true,19,1.61,MainHand,
Sword_0277,Sword_0277,"Sword 0277",false,35,1.01,MainHand,
Wand_0278,Wand_0278,"Wand 0278",true,19,1.63,MainHand,
Sword_0279,Sword_0279,"Sword 0279",false,35,1.02,MainHand,
Wand_0280,Wand_0280,"Wand 0280",true,20,1.65,MainHand,
Sword_0281,Sword_0281,"Sword 0281",false,35,1.03,MainHand,
Wand_0282,Wand_0282,"Wand 0282",true,20,1.67,MainHand,
Sword_0283,Sword_0283,"Sword 0283",false,35,1.04,MainHand,
Wand_0284,Wand_0284,"Wand 0284",true,20,1.69,MainHand,
Sword_0285,Sword_0285,"Sword 0285",false,35,1.05,MainHand,
Wand_0286,Wand_0286,"Wand 0286",true,20,1.71,MainHand,
Sword_0287,Sword_0287,"Sword 0287",false,35,1.06,MainHand,
Wand_0288,Wand_0288,"Wand 0288",true,20,1.73,MainHand,
Sword_0289,Sword_0289,"Sword 0289",false,36,1.07,MainHand,
Wand_0290,Wand_0290,"Wand 0290",true,20,1.75,MainHand,
Sword_0291,Sword_0291,"Sword 0291",false,36,1.08,MainHand,
Wand_0292,Wand_0292,"Wand 0292",true,20,1.77,MainHand,
Sword_0293,Sword_0293,"Sword 0293",false,36,1.09,MainHand,
Wand_0294,Wand_0294,"Wand 0294",true,20,1.79,MainHand,
Sword_0295,Sword_0295,"Sword 0295",false,36,1.10,MainHand,
Wand_0296,Wand_0296,"Wand 0296",true,20,1.81,MainHand,
Sword_0297,Sword_0297,"Sword 0297",false,36,1.11,MainHand,
Wand_0298,Wand_0298,"Wand 0298",true,20,1.83,MainHand,
Sword_0299,Sword_0299,"Sword 0299",false,36,1.12,MainHand,
Wand_0300,Wand_0300,"Wand 0300",true,21,1.10,MainHand,
Sword_0301,Sword_0301,"Sword 0301",false,37,1.01,MainHand,
Wand_0302,Wand_0302,"Wand 0302",true,21,1.12,MainHand,
Sword_0303,Sword_0303,"Sword 0303",false,37,1.02,MainHand,
Wand_0304,Wand_0304,"Wand 0304",true,21,1.14,MainHand,
Sword_0305,Sword_0305,"Sword 0305",false,37,1.03,MainHand,
Wand_0306,Wand_0306,"Wand 0306",true,21,1.16,MainHand,
Sword_0307,Sword_0307,"Sword 0307",false,37,1.04,MainHand,
Wand_0308,Wand_0308,"Wand 0308",true,21,1.18,MainHand,
Sword_0309,Sword_0309,"Sword 0309",false,37,1.05,MainHand,
Wand_0310,Wand_0310,"Wand 0310",true,21,1.20,MainHand,
Sword_0311,Sword_0311,"Sword 0311",false,37,1.06,MainHand,
Wand_0312,Wand_0312,"Wand 0312",true,21,1.22,MainHand,
Sword_0313,Sword_0313,"Sword 0313",false,38,1.07,MainHand,
Wand_0314,Wand_0314,"Wand 0314",true,21,1.24,MainHand,
Sword_0315,Sword_0315,"Sword 0315",false,38,1.08,MainHand,
Wand_0316,Wand_0316,"Wand 0316",true,21,1.26,MainHand,
Sword_0317,Sword_0317,"Sword 0317",false,38,1.09,MainHand,
Wand_0318,Wand_0318,"Wand 0318",true,21,1.28,MainHand,
Sword_0319,Sword_0319,"Sword 0319",false,38,1.10,MainHand,
Wand_0320,Wand_0320,"Wand 0320",true,22,1.30,MainHand,
Sword_0321,Sword_0321,"Sword 0321",false,38,1.11,MainHand,
Wand_0322,Wand_0322,"Wand 0322",true,22,1.32,MainHand,
Sword_0323,Sword_0323,"Sword 0323",false,38,1.12,MainHand,
Wand_0324,Wand_0324,"Wand 0324",true,22,1.34,MainHand,
Sword_0325,Sword_0325,"Sword 0325",false,39,1.00,MainHand,
Wand_0326,Wand_0326,"Wand 0326",true,22,1.36,MainHand,
Sword_0327,Sword_0327,"Sword 0327",false,39,1.01,MainHand,
Wand_0328,Wand_0328,"Wand 0328",true,22,1.38,MainHand,
Sword_0329,Sword_0329,"Sword 0329",false,39,1.02,MainHand,
Wand_0330,Wand_0330,"Wand 0330",true,22,1.40,MainHand,
Sword_0331,Sword_0331,"Sword 0331",false,39,1.03,MainHand,
Wand_0332,Wand_0332,"Wand 0332",true,22,1.42,MainHand,
Sword_0333,Sword_0333,"Sword 0333",false,39,1.04,MainHand,
Wand_0334,Wand_0334,"Wand 0334",true,22,1.44,MainHand,
Sword_0335,Sword_0335,"Sword 0335",false,39,1.05,MainHand,
Wand_0336,Wand_0336,"Wand 0336",true,22,1.46,MainHand,
Sword_0337,Sword_0337,"Sword 0337",false,40,1.06,MainHand,
Wand_0338,Wand_0338,"Wand 0338",true,22,1.48,MainHand,
Sword_0339,Sword_0339,"Sword 0339",false,40,1.07,MainHand,
Wand_0340,Wand_0340,"Wand 0340",true,23,1.50,MainHand,
Sword_0341,Sword_0341,"Sword 0341",false,40,1.08,MainHand,
Wand_0342,Wand_0342,"Wand 0342",true,23,1.52,MainHand,
Sword_0343,Sword_0343,"Sword 0343",false,40,1.09,MainHand,
Wand_0344,Wand_0344,"Wand 0344",true,23,1.54,MainHand,
Sword_0345,Sword_0345,"Sword 0345",false,40,1.10,MainHand,
Wand_0346,Wand_0346,"Wand 0346",true,23,1.56,MainHand,
Sword_0347,Sword_0347,"Sword 0347",false,40,1.11,MainHand,
Wand_0348,Wand_0348,"Wand 0348",true,23,1.58,MainHand,
Sword_0349,Sword_0349,"Sword 0349",false,41,1.12,MainHand,
Wand_0350,Wand_0350,"Wand 0350",true,23,1.60,MainHand,
Sword_0351,Sword_0351,"Sword 0351",false,41,1.01,MainHand,
Wand_0352,Wand_0352,"Wand 0352",true,23,1.62,MainHand,
Sword_0353,Sword_0353,"Sword 0353",false,41,1.02,MainHand,
Wand_0354,Wand_0354,"Wand 0354",true,23,1.64,MainHand,
Sword_0355,Sword_0355,"Sword 0355",false,41,1.03,MainHand,
Wand_0356,Wand_0356,"Wand 0356",true,23,1.66,MainHand,
Sword_0357,Sword_0357,"Sword 0357",false,41,1.04,MainHand,
Wand_0358,Wand_0358,"Wand 0358",true,23,1.68,MainHand,
Sword_0359,Sword_0359,"Sword 0359",false,41,1.05,MainHand,
Wand_0360,Wand_0360,"Wand 0360",true,24,1.70,MainHand,
Sword_0361,Sword_0361,"Sword 0361",false,42,1.06,MainHand,
Wand_0362,Wand_0362,"Wand 0362",true,24,1.72,MainHand,
Sword_0363,Sword_0363,"Sword 0363",false,42,1.07,MainHand,
Wand_0364,Wand_0364,"Wand 0364",true,24,1.74,MainHand,
Sword_0365,Sword_0365,"Sword 0365",false,42,1.08,MainHand,
Wand_0366,Wand_0366,"Wand 0366",true,24,1.76,MainHand,
Sword_0367,Sword_0367,"Sword 0367",false,42,1.09,MainHand,
Wand_0368,Wand_0368,"Wand 0368",true,24,1.78,MainHand,
Sword_0369,Sword_0369,"Sword 0369",false,42,1.10,MainHand,
Wand_0370,Wand_0370,"Wand 0370",true,24,1.80,MainHand,
Sword_0371,Sword_0371,"Sword 0371",false,42,1.11,MainHand,
Wand_0372,Wand_0372,"Wand 0372",true,24,1.82,MainHand,
Sword_0373,Sword_0373,"Sword 0373",false,43,1.12,MainHand,
Wand_0374,Wand_0374,"Wand 0374",true,24,1.84,MainHand,
Sword_0375,Sword_0375,"Sword 0375",false,43,1.00,MainHand,
Wand_0376,Wand_0376,"Wand 0376",true,24,1.11,MainHand,
Sword_0377,Sword_0377,"Sword 0377",false,43,1.01,MainHand,
Wand_0378,Wand_0378,"Wand 0378",true,24,1.13,MainHand,
Sword_0379,Sword_0379,"Sword 0379",false,43,1.02,MainHand,
Wand_0380,Wand_0380,"Wand 0380",true,25,1.15,MainHand,
Sword_0381,Sword_0381,"Sword 0381",false,43,1.03,MainHand,
Wand_0382,Wand_0382,"Wand 0382",true,25,1.17,MainHand,
Sword_0383,Sword_0383,"Sword 0383",false,43,1.04,MainHand,
Wand_0384,Wand_0384,"Wand 0384",true,25,1.19,MainHand,
Sword_0385,Sword_0385,"Sword 0385",false,44,1.05,MainHand,
Wand_0386,Wand_0386,"Wand 0386",true,25,1.21,MainHand,
Sword_0387,Sword_0387,"Sword 0387",false,44,1.06,MainHand,
Wand_0388,Wand_0388,"Wand 0388",true,25,1.23,MainHand,
Sword_0389,Sword_0389,"Sword 0389",false,44,1.07,MainHand,
Wand_0390,Wand_0390,"Wand 0390",true,25,1.25,MainHand,
Sword_0391,Sword_0391,"Sword 0391",false,44,1.08,MainHand,
Wand_0392,Wand_0392,"Wand 0392",true,25,1.27,MainHand,
Sword_0393,Sword_0393,"Sword 0393",false,44,1.09,MainHand,
Wand_0394,Wand_0394,"Wand 0394",true,25,1.29,MainHand,
Sword_0395,Sword_0395,"Sword 0395",false,44,1.10,MainHand,
Wand_0396,Wand_0396,"Wand 0396",true,25,1.31,MainHand,
Sword_0397,Sword_0397,"Sword 0397",false,45,1.11,MainHand,
Wand_0398,Wand_0398,"Wand 0398",true,25,1.33,MainHand,
Sword_0399,Sword_0399,"Sword 0399",false,45,1.12,MainHand,
Wand_0400,Wand_0400,"Wand 0400",true,26,1.35,MainHand,
Sword_0401,Sword_0401,"Sword 0401",false,45,1.01,MainHand,
Wand_0402,Wand_0402,"Wand 0402",true,26,1.37,MainHand,
Sword_0403,Sword_0403,"Sword 0403",false,45,1.02,MainHand,
Wand_0404,Wand_0404,"Wand 0404",true,26,1.39,MainHand,
Sword_0405,Sword_0405,"Sword 0405",false,45,1.03,MainHand,
Wand_0406,Wand_0406,"Wand 0406",true,26,1.41,MainHand,
Sword_0407,Sword_0407,"Sword 0407",false,45,1.04,MainHand,
Wand_0408,Wand_0408,"Wand 0408",true,26,1.43,MainHand,
Sword_0409,Sword_0409,"Sword 0409",false,46,1.05,MainHand,
Wand_0410,Wand_0410,"Wand 0410",true,26,1.45,MainHand,
Sword_0411,Sword_0411,"Sword 0411",false,46,1.06,MainHand,
Wand_0412,Wand_0412,"Wand 0412",true,26,1.47,MainHand,
Sword_0413,Sword_0413,"Sword 0413",false,46,1.07,MainHand,
Wand_0414,Wand_0414,"Wand 0414",true,26,1.49,MainHand,
Sword_0415,Sword_0415,"Sword 0415",false,46,1.08,MainHand,
Wand_0416,Wand_0416,"Wand 0416",true,26,1.51,MainHand,
Sword_0417,Sword_0417,"Sword 0417",false,46,1.09,MainHand,
Wand_0418,Wand_0418,"Wand 0418",true,26,1.53,MainHand,
Sword_0419,Sword_0419,"Sword 0419",false,46,1.10,MainHand,
Wand_0420,Wand_0420,"Wand 0420",true,27,1.55,MainHand,
Sword_0421,Sword_0421,"Sword 0421",false,47,1.11,MainHand,
Wand_0422,Wand_0422,"Wand 0422",true,27,1.57,MainHand,
Sword_0423,Sword_0423,"Sword 0423",false,47,1.12,MainHand,
Wand_0424,Wand_0424,"Wand 0424",true,27,1.59,MainHand,
Sword_0425,Sword_0425,"Sword 0425",false,47,1.00,MainHand,
Wand_0426,Wand_0426,"Wand 0426",true,27,1.61,MainHand,
Sword_0427,Sword_0427,"Sword 0427",false,47,1.01,MainHand,
Wand_0428,Wand_0428,"Wand 0428",true,27,1.63,MainHand,
Sword_0429,Sword_0429,"Sword 0429",false,47,1.02,MainHand,
Wand_0430,Wand_0430,"Wand 0430",true,27,1.65,MainHand,
Sword_0431,Sword_0431,"Sword 0431",false,47,1.03,MainHand,
Wand_0432,Wand_0432,"Wand 0432",true,27,1.67,MainHand,
Sword_0433,Sword_0433,"Sword 0433",false,48,1.04,MainHand,
Wand_0434,Wand_0434,"Wand 0434",true,27,1.69,MainHand,
Sword_0435,Sword_0435,"Sword 0435",false,48,1.05,MainHand,
Wand_0436,Wand_0436,"Wand 0436",true,27,1.71,MainHand,
Sword_0437,Sword_0437,"Sword 0437",false,48,1.06,MainHand,
Wand_0438,Wand_0438,"Wand 0438",true,27,1.73,MainHand,
Sword_0439,Sword_0439,"Sword 0439",false,48,1.07,MainHand,
Wand_0440,Wand_0440,"Wand 0440",true,28,1.75,MainHand,
Sword_0441,Sword_0441,"Sword 0441",false,48,1.08,MainHand,
Wand_0442,Wand_0442,"Wand 0442",true,28,1.77,MainHand,
Sword_0443,Sword_0443,"Sword 0443",false,48,1.09,MainHand,
Wand_0444,Wand_0444,"Wand 0444",true,28,1.79,MainHand,
Sword_0445,Sword_0445,"Sword 0445",false,49,1.10,MainHand,
Wand_0446,Wand_0446,"Wand 0446",true,28,1.81,MainHand,
Sword_0447,Sword_0447,"Sword 0447",false,49,1.11,MainHand,
Wand_0448,Wand_0448,"Wand 0448",true,28,1.83,MainHand,
Sword_0449,Sword_0449,"Sword 0449",false,49,1.12,MainHand,
Wand_0450,Wand_0450,"Wand 0450",true,28,1.10,MainHand,
Sword_0451,Sword_0451,"Sword 0451",false,49,1.01,MainHand,
Wand_0452,Wand_0452,"Wand 0452",true,28,1.12,MainHand,
Sword_0453,Sword_0453,"Sword 0453",false,49,1.02,MainHand,
Wand_0454,Wand_0454,"Wand 0454",true,28,1.14,MainHand,
Sword_0455,Sword_0455,"Sword 0455",false,49,1.03,MainHand,
Wand_0456,Wand_0456,"Wand 0456",true,28,1.16,MainHand,
Sword_0457,Sword_0457,"Sword 0457",false,50,1.04,MainHand,
Wand_0458,Wand_0458,"Wand 0458",true,28,1.18,MainHand,
Sword_0459,Sword_0459,"Sword 0459",false,50,1.05,MainHand,
Wand_0460,Wand_0460,"Wand 0460",true,29,1.20,MainHand,
Sword_0461,Sword_0461,"Sword 0461",false,50,1.06,MainHand,
Wand_0462,Wand_0462,"Wand 0462",true,29,1.22,MainHand,
Sword_0463,Sword_0463,"Sword 0463",false,50,1.07,MainHand,
Wand_0464,Wand_0464,"Wand 0464",true,29,1.24,MainHand,
Sword_0465,Sword_0465,"Sword 0465",false,50,1.08,MainHand,
Wand_0466,Wand_0466,"Wand 0466",true,29,1.26,MainHand,
Sword_0467,Sword_0467,"Sword 0467",false,50,1.09,MainHand,
Wand_0468,Wand_0468,"Wand 0468",true,29,1.28,MainHand,
Sword_0469,Sword_0469,"Sword 0469",false,51,1.10,MainHand,
Wand_0470,Wand_0470,"Wand 0470",true,29,1.30,MainHand,
Sword_0471,Sword_0471,"Sword 0471",false,51,1.11,MainHand,
Wand_0472,Wand_0472,"Wand 0472",true,29,1.32,MainHand,
Sword_0473,Sword_0473,"Sword 0473",false,51,1.12,MainHand,
Wand_0474,Wand_0474,"Wand 0474",true,29,1.34,MainHand,
Sword_0475,Sword_0475,"Sword 0475",false,51,1.00,MainHand,
Wand_0476,Wand_0476,"Wand 0476",true,29,1.36,MainHand,
Sword_0477,Sword_0477,"Sword 0477",false,51,1.01,MainHand,
Wand_0478,Wand_0478,"Wand 0478",true,29,1.38,MainHand,
Sword_0479,Sword_0479,"Sword 0479",false,51,1.02,MainHand,
Wand_0480,Wand_0480,"Wand 0480",true,30,1.40,MainHand,
Sword_0481,Sword_0481,"Sword 0481",false,52,1.03,MainHand,
Wand_0482,Wand_0482,"Wand 0482",true,30,1.42,MainHand,
Sword_0483,Sword_0483,"Sword 0483",false,52,1.04,MainHand,
Wand_0484,Wand_0484,"Wand 0484",true,30,1.44,MainHand,
Sword_0485,Sword_0485,"Sword 0485",false,52,1.05,MainHand,
Wand_0486,Wand_0486,"Wand 0486",true,30,1.46,MainHand,
Sword_0487,Sword_0487,"Sword 0487",false,52,1.06,MainHand,
Wand_0488,Wand_0488,"Wand 0488",true,30,1.48,MainHand,
Sword_0489,Sword_0489,"Sword 0489",false,52,1.07,MainHand,
Wand_0490,Wand_0490,"Wand 0490",true,30,1.50,MainHand,
Sword_0491,Sword_0491,"Sword 0491",false,52,1.08,MainHand,
Wand_0492,Wand_0492,"Wand 0492",true,30,1.52,MainHand,
Sword_0493,Sword_0493,"Sword 0493",false,53,1.09,MainHand,
Wand_0494,Wand_0494,"Wand 0494",true,30,1.54,MainHand,
Sword_0495,Sword_0495,"Sword 0495",false,53,1.10,MainHand,
Wand_0496,Wand_0496,"Wand 0496",true,30,1.56,MainHand,
Sword_0497,Sword_0497,"Sword 0497",false,53,1.11,MainHand,
Wand_0498,Wand_0498,"Wand 0498",true,30,1.58,MainHand,
Sword_0499,Sword_0499,"Sword 0499",false,53,1.12,MainHand,
Wand_0500,Wand_0500,"Wand 0500",true,31,1.60,MainHand,
Sword_0501,Sword_0501,"Sword 0501",false,53,1.01,MainHand,
Wand_0502,Wand_0502,"Wand 0502",true,31,1.62,MainHand,
Sword_0503,Sword_0503,"Sword 0503",false,53,1.02,MainHand,
Wand_0504,Wand_0504,"Wand 0504",true,31,1.64,MainHand,
Sword_0505,Sword_0505,"Sword 0505",false,54,1.03,MainHand,
Wand_0506,Wand_0506,"Wand 0506",true,31,1.66,MainHand,
Sword_0507,Sword_0507,"Sword 0507",false,54,1.04,MainHand,
Wand_0508,Wand_0508,"Wand 0508",true,31,1.68,MainHand,
Sword_0509,Sword_0509,"Sword 0509",false,54,1.05,MainHand,
Wand_0510,Wand_0510,"Wand 0510",true,31,1.70,MainHand,
Sword_0511,Sword_0511,"Sword 0511",false,54,1.06,MainHand,
Wand_0512,Wand_0512,"Wand 0512",true,31,1.72,MainHand,
Sword_0513,Sword_0513,"Sword 0513",false,54,1.07,MainHand,
Wand_0514,Wand_0514,"Wand 0514",true,31,1.74,MainHand,
Sword_0515,Sword_0515,"Sword 0515",false,54,1.08,MainHand,
Wand_0516,Wand_0516,"Wand 0516",true,31,1.76,MainHand,
Sword_0517,Sword_0517,"Sword 0517",false,55,1.09,MainHand,
Wand_0518,Wand_0518,"Wand 0518",true,31,1.78,MainHand,
Sword_0519,Sword_0519,"Sword 0519",false,55,1.10,MainHand,
Wand_0520,Wand_0520,"Wand 0520",true,32,1.80,MainHand,
Sword_0521,Sword_0521,"Sword 0521",false,55,1.11,MainHand,
Wand_0522,Wand_0522,"Wand 0522",true,32,1.82,MainHand,
Sword_0523,Sword_0523,"Sword 0523",false,55,1.12,MainHand,
Wand_0524,Wand_0524,"Wand 0524",true,32,1.84,MainHand,
Sword_0525,Sword_0525,"Sword 0525",false,55,1.00,MainHand,
Wand_0526,Wand_0526,"Wand 0526",true,32,1.11,MainHand,
Sword_0527,Sword_0527,"Sword 0527",false,55,1.01,MainHand,
Wand_0528,Wand_0528,"Wand 0528",true,32,1.13,MainHand,
Sword_0529,Sword_0529,"Sword 0529",false,56,1.02,MainHand,
Wand_0530,Wand_0530,"Wand 0530",true,32,1.15,MainHand,
Sword_0531,Sword_0531,"Sword 0531",false,56,1.03,MainHand,
Wand_0532,Wand_0532,"Wand 0532",true,32,1.17,MainHand,
Sword_0533,Sword_0533,"Sword 0533",false,56,1.04,MainHand,
Wand_0534,Wand_0534,"Wand 0534",true,32,1.19,MainHand,
Sword_0535,Sword_0535,"Sword 0535",false,56,1.05,MainHand,
Wand_0536,Wand_0536,"Wand 0536",true,32,1.21,MainHand,
Sword_0537,Sword_0537,"Sword 0537",false,56,1.06,MainHand,
Wand_0538,Wand_0538,"Wand 0538",true,32,1.23,MainHand,
Sword_0539,Sword_0539,"Sword 0539",false,56,1.07,MainHand,
Wand_0540,Wand_0540,"Wand 0540",true,33,1.25,MainHand,
Sword_0541,Sword_0541,"Sword 0541",false,57,1.08,MainHand,
Wand_0542,Wand_0542,"Wand 0542",true,33,1.27,MainHand,
Sword_0543,Sword_0543,"Sword 0543",false,57,1.09,MainHand,
Wand_0544,Wand_0544,"Wand 0544",true,33,1.29,MainHand,
Sword_0545,Sword_0545,"Sword 0545",false,57,1.10,MainHand,
Wand_0546,Wand_0546,"Wand 0546",true,33,1.31,MainHand,
Sword_0547,Sword_0547,"Sword 0547",false,57,1.11,MainHand,
Wand_0548,Wand_0548,"Wand 0548",true,33,1.33,MainHand,
Sword_0549,Sword_0549,"Sword 0549",false,57,1.12,MainHand,
Wand_0550,Wand_0550,"Wand 0550",true,33,1.35,MainHand,
Sword_0551,Sword_0551,"Sword 0551",false,57,1.01,MainHand,
Wand_0552,Wand_0552,"Wand 0552",true,33,1.37,MainHand,
Sword_0553,Sword_0553,"Sword 0553",false,58,1.02,MainHand,
Wand_0554,Wand_0554,"Wand 0554",true,33,1.39,MainHand,
Sword_0555,Sword_0555,"Sword 0555",false,58,1.03,MainHand,
Wand_0556,Wand_0556,"Wand 0556",true,33,1.41,MainHand,
Sword_0557,Sword_0557,"Sword 0557",false,58,1.04,MainHand,
Wand_0558,Wand_0558,"Wand 0558",true,33,1.43,MainHand,
Sword_0559,Sword_0559,"Sword 0559",false,58,1.05,MainHand,
Wand_0560,Wand_0560,"Wand 0560",true,34,1.45,MainHand,
Sword_0561,Sword_0561,"Sword 0561",false,58,1.06,MainHand,
Wand_0562,Wand_0562,"Wand 0562",true,34,1.47,MainHand,
Sword_0563,Sword_0563,"Sword 0563",false,58,1.07,MainHand,
Wand_0564,Wand_0564,"Wand 0564",true,34,1.49,MainHand,
Sword_0565,Sword_0565,"Sword 0565",false,59,1.08,MainHand,
Wand_0566,Wand_0566,"Wand 0566",true,34,1.51,MainHand,
Sword_0567,Sword_0567,"Sword 0567",false,59,1.09,MainHand,
Wand_0568,Wand_0568,"Wand 0568",true,34,1.53,MainHand,
Sword_0569,Sword_0569,"Sword 0569",false,59,1.10,MainHand,
Wand_0570,Wand_0570,"Wand 0570",true,34,1.55,MainHand,
Sword_0571,Sword_0571,"Sword 0571",false,59,1.11,MainHand,
Wand_0572,Wand_0572,"Wand 0572",true,34,1.57,MainHand,
Sword_0573,Sword_0573,"Sword 0573",false,59,1.12,MainHand,
Wand_0574,Wand_0574,"Wand 0574",true,34,1.59,MainHand,
Sword_0575,Sword_0575,"Sword 0575",false,59,1.00,MainHand,
Wand_0576,Wand_0576,"Wand 0576",true,34,1.61,MainHand,
Sword_0577,Sword_0577,"Sword 0577",false,60,1.01,MainHand,
Wand_0578,Wand_0578,"Wand 0578",true,34,1.63,MainHand,
Sword_0579,Sword_0579,"Sword 0579",false,60,1.02,MainHand,
Wand_0580,Wand_0580,"Wand 0580",true,35,1.65,MainHand,
Sword_0581,Sword_0581,"Sword 0581",false,60,1.03,MainHand,
Wand_0582,Wand_0582,"Wand 0582",true,35,1.67,MainHand,
Sword_0583,Sword_0583,"Sword 0583",false,60,1.04,MainHand,
Wand_0584,Wand_0584,"Wand 0584",true,35,1.69,MainHand,
Sword_0585,Sword_0585,"Sword 0585",false,60,1.05,MainHand,
Wand_0586,Wand_0586,"Wand 0586",true,35,1.71,MainHand,
Sword_0587,Sword_0587,"Sword 0587",false,60,1.06,MainHand,
Wand_0588,Wand_0588,"Wand 0588",true,35,1.73,MainHand,
Sword_0589,Sword_0589,"Sword 0589",false,61,1.07,MainHand,
Wand_0590,Wand_0590,"Wand 0590",true,35,1.75,MainHand,
Sword_0591,Sword_0591,"Sword 0591",false,61,1.08,MainHand,
Wand_0592,Wand_0592,"Wand 0592",true,35,1.77,MainHand,
Sword_0593,Sword_0593,"Sword 0593",false,61,1.09,MainHand,
Wand_0594,Wand_0594,"Wand 0594",true,35,1.79,MainHand,
Sword_0595,Sword_0595,"Sword 0595",false,61,1.10,MainHand,
Wand_0596,Wand_0596,"Wand 0596",true,35,1.81,MainHand,
Sword_0597,Sword_0597,"Sword 0597",false,61,1.11,MainHand,
Wand_0598,Wand_0598,"Wand 0598",true,35,1.83,MainHand,
Sword_0599,Sword_0599,"Sword 0599",false,61,1.12,MainHand,
Wand_0600,Wand_0600,"Wand 0600",true,36,1.10,MainHand,
Sword_0601,Sword_0601,"Sword 0601",false,62,1.01,MainHand,
Wand_0602,Wand_0602,"Wand 0602",true,36,1.12,MainHand,
Sword_0603,Sword_0603,"Sword 0603",false,62,1.02,MainHand,
Wand_0604,Wand_0604,"Wand 0604",true,36,1.14,MainHand,
Sword_0605,Sword_0605,"Sword 0605",false,62,1.03,MainHand,
Wand_0606,Wand_0606,"Wand 0606",true,36,1.16,MainHand,
Sword_0607,Sword_0607,"Sword 0607",false,62,1.04,MainHand,
Wand_0608,Wand_0608,"Wand 0608",true,36,1.18,MainHand,
Sword_0609,Sword_0609,"Sword 0609",false,62,1.05,MainHand,
Wand_0610,Wand_0610,"Wand 0610",true,36,1.20,MainHand,
Sword_0611,Sword_0611,"Sword 0611",false,62,1.06,MainHand,
Wand_0612,Wand_0612,"Wand 0612",true,36,1.22,MainHand,
Sword_0613,Sword_0613,"Sword 0613",false,63,1.07,MainHand,
Wand_0614,Wand_0614,"Wand 0614",true,36,1.24,MainHand,
Sword_0615,Sword_0615,"Sword 0615",false,63,1.08,MainHand,
Wand_0616,Wand_0616,"Wand 0616",true,36,1.26,MainHand,
Sword_0617,Sword_0617,"Sword 0617",false,63,1.09,MainHand,
Wand_0618,Wand_0618,"Wand 0618",true,36,1.28,MainHand,
Sword_0619,Sword_0619,"Sword 0619",false,63,1.10,MainHand,
Wand_0620,Wand_0620,"Wand 0620",true,37,1.30,MainHand,
Sword_0621,Sword_0621,"Sword 0621",false,63,1.11,MainHand,
Wand_0622,Wand_0622,"Wand 0622",true,37,1.32,MainHand,
Sword_0623,Sword_0623,"Sword 0623",false,63,1.12,MainHand,
Wand_0624,Wand_0624,"Wand 0624",true,37,1.34,MainHand,
Sword_0625,Sword_0625,"Sword 0625",false,64,1.00,MainHand,
Wand_0626,Wand_0626,"Wand 0626",true,37,1.36,MainHand,
Sword_0627,Sword_0627,"Sword 0627",false,64,1.01,MainHand,
Wand_0628,Wand_0628,"Wand 0628",true,37,1.38,MainHand,
Sword_0629,Sword_0629,"Sword 0629",false,64,1.02,MainHand,
Wand_0630,Wand_0630,"Wand 0630",true,37,1.40,MainHand,
Sword_0631,Sword_0631,"Sword 0631",false,64,1.03,MainHand,
Wand_0632,Wand_0632,"Wand 0632",true,37,1.42,MainHand,
Sword_0633,Sword_0633,"Sword 0633",false,64,1.04,MainHand,
Wand_0634,Wand_0634,"Wand 0634",true,37,1.44,MainHand,
Sword_0635,Sword_0635,"Sword 0635",false,64,1.05,MainHand,
Wand_0636,Wand_0636,"Wand 0636",true,37,1.46,MainHand,
Sword_0637,Sword_0637,"Sword 0637",false,65,1.06,MainHand,
Wand_0638,Wand_0638,"Wand 0638",true,37,1.48,MainHand,
Sword_0639,Sword_0639,"Sword 0639",false,65,1.07,MainHand,
Wand_0640,Wand_0640,"Wand 0640",true,38,1.50,MainHand,
Sword_0641,Sword_0641,"Sword 0641",false,65,1.08,MainHand,
Wand_0642,Wand_0642,"Wand 0642",true,38,1.52,MainHand,
Sword_0643,Sword_0643,"Sword 0643",false,65,1.09,MainHand,
Wand_0644,Wand_0644,"Wand 0644",true,38,1.54,MainHand,
Sword_0645,Sword_0645,"Sword 0645",false,65,1.10,MainHand,
Wand_0646,Wand_0646,"Wand 0646",true,38,1.56,MainHand,
Sword_0647,Sword_0647,"Sword 0647",false,65,1.11,MainHand,
Wand_0648,Wand_0648,"Wand 0648",true,38,1.58,MainHand,
Sword_0649,Sword_0649,"Sword 0649",false,66,1.12,MainHand,
Wand_0650,Wand_0650,"Wand 0650",true,38,1.60,MainHand,
Sword_0651,Sword_0651,"Sword 0651",false,66,1.01,MainHand,
Wand_0652,Wand_0652,"Wand 0652",true,38,1.62,MainHand,
Sword_0653,Sword_0653,"Sword 0653",false,66,1.02,MainHand,
Wand_0654,Wand_0654,"Wand 0654",true,38,1.64,MainHand,
Sword_0655,Sword_0655,"Sword 0655",false,66,1.03,MainHand,
Wand_0656,Wand_0656,"Wand 0656",true,38,1.66,MainHand,
Sword_0657,Sword_0657,"Sword 0657",false,66,1.04,MainHand,
Wand_0658,Wand_0658,"Wand 0658",true,38,1.68,MainHand,
Sword_0659,Sword_0659,"Sword 0659",false,66,1.05,MainHand,
Wand_0660,Wand_0660,"Wand 0660",true,39,1.70,MainHand,
Sword_0661,Sword_0661,"Sword 0661",false,67,1.06,MainHand,
Wand_0662,Wand_0662,"Wand 0662",true,39,1.72,MainHand,
Sword_0663,Sword_0663,"Sword 0663",false,67,1.07,MainHand,
Wand_0664,Wand_0664,"Wand 0664",true,39,1.74,MainHand,
Sword_0665,Sword_0665,"Sword 0665",false,67,1.08,MainHand,
Wand_0666,Wand_0666,"Wand 0666",true,39,1.76,MainHand,
Sword_0667,Sword_0667,"Sword 0667",false,67,1.09,MainHand,
Wand_0668,Wand_0668,"Wand 0668",true,39,1.78,MainHand,
Sword_0669,Sword_0669,"Sword 0669",false,67,1.10,MainHand,
Wand_0670,Wand_0670,"Wand 0670",true,39,1.80,MainHand,
Sword_0671,Sword_0671,"Sword 0671",false,67,1.11,MainHand,
Wand_0672,Wand_0672,"Wand 0672",true,39,1.82,MainHand,
Sword_0673,Sword_0673,"Sword 0673",false,68,1.12,MainHand,
Wand_0674,Wand_0674,"Wand 0674",true,39,1.84,MainHand,
Sword_0675,Sword_0675,"Sword 0675",false,68,1.00,MainHand,
Wand_0676,Wand_0676,"Wand 0676",true,39,1.11,MainHand,
Sword_0677,Sword_0677,"Sword 0677",false,68,1.01,MainHand,
Wand_0678,Wand_0678,"Wand 0678",true,39,1.13,MainHand,
Sword_0679,Sword_0679,"Sword 0679",false,68,1.02,MainHand,
Wand_0680,Wand_0680,"Wand 0680",true,40,1.15,MainHand,
Sword_0681,Sword_0681,"Sword 0681",false,68,1.03,MainHand,
Wand_0682,Wand_0682,"Wand 0682",true,40,1.17,MainHand,
Sword_0683,Sword_0683,"Sword 0683",false,68,1.04,MainHand,
Wand_0684,Wand_0684,"Wand 0684",true,40,1.19,MainHand,
Sword_0685,Sword_0685,"Sword 0685",false,69,1.05,MainHand,
Wand_0686,Wand_0686,"Wand 0686",true,40,1.21,MainHand,
Sword_0687,Sword_0687,"Sword 0687",false,69,1.06,MainHand,
Wand_0688,Wand_0688,"Wand 0688",true,40,1.23,MainHand,
Sword_0689,Sword_0689,"Sword 0689",false,69,1.07,MainHand,
Wand_0690,Wand_0690,"Wand 0690",true,40,1.25,MainHand,
Sword_0691,Sword_0691,"Sword 0691",false,69,1.08,MainHand,
Wand_0692,Wand_0692,"Wand 0692",true,40,1.27,MainHand,
Sword_0693,Sword_0693,"Sword 0693",false,69,1.09,MainHand,
Wand_0694,Wand_0694,"Wand 0694",true,40,1.29,MainHand,
Sword_0695,Sword_0695,"Sword 0695",false,69,1.10,MainHand,
Wand_0696,Wand_0696,"Wand 0696",true,40,1.31,MainHand,
Sword_0697,Sword_0697,"Sword 0697",false,70,1.11,MainHand,
Wand_0698,Wand_0698,"Wand 0698",true,40,1.33,MainHand,
Sword_0699,Sword_0699,"Sword 0699",false,70,1.12,MainHand,
Wand_0700,Wand_0700,"Wand 0700",true,41,1.35,MainHand,
Sword_0701,Sword_0701,"Sword 0701",false,70,1.01,MainHand,
Wand_0702,Wand_0702,"Wand 0702",true,41,1.37,MainHand,
Sword_0703,Sword_0703,"Sword 0703",false,70,1.02,MainHand,
Wand_0704,Wand_0704,"Wand 0704",true,41,1.39,MainHand,
Sword_0705,Sword_0705,"Sword 0705",false,70,1.03,MainHand,
Wand_0706,Wand_0706,"Wand 0706",true,41,1.41,MainHand,
Sword_0707,Sword_0707,"Sword 0707",false,70,1.04,MainHand,
Wand_0708,Wand_0708,"Wand 0708",true,41,1.43,MainHand,
Sword_0709,Sword_0709,"Sword 0709",false,71,1.05,MainHand,
Wand_0710,Wand_0710,"Wand 0710",true,41,1.45,MainHand,
Sword_0711,Sword_0711,"Sword 0711",false,71,1.06,MainHand,
Wand_0712,Wand_0712,"Wand 0712",true,41,1.47,MainHand,
Sword_0713,Sword_0713,"Sword 0713",false,71,1.07,MainHand,
Wand_0714,Wand_0714,"Wand 0714",true,41,1.49,MainHand,
Sword_0715,Sword_0715,"Sword 0715",false,71,1.08,MainHand,
Wand_0716,Wand_0716,"Wand 0716",true,41,1.51,MainHand,
Sword_0717,Sword_0717,"Sword 0717",false,71,1.09,MainHand,
Wand_0718,Wand_0718,"Wand 0718",true,41,1.53,MainHand,
Sword_0719,Sword_0719,"Sword 0719",false,71,1.10,MainHand,
Wand_0720,Wand_0720,"Wand 0720",true,42,1.55,MainHand,
Sword_0721,Sword_0721,"Sword 0721",false,72,1.11,MainHand,
Wand_0722,Wand_0722,"Wand 0722",true,42,1.57,MainHand,
Sword_0723,Sword_0723,"Sword 0723",false,72,1.12,MainHand,
Wand_0724,Wand_0724,"Wand 0724",true,42,1.59,MainHand,
Sword_0725,Sword_0725,"Sword 0725",false,72,1.00,MainHand,
Wand_0726,Wand_0726,"Wand 0726",true,42,1.61,MainHand,
Sword_0727,Sword_0727,"Sword 0727",false,72,1.01,MainHand,
Wand_0728,Wand_0728,"Wand 0728",true,42,1.63,MainHand,
Sword_0729,Sword_0729,"Sword 0729",false,72,1.02,MainHand,
Wand_0730,Wand_0730,"Wand 0730",true,42,1.65,MainHand,
Sword_0731,Sword_0731,"Sword 0731",false,72,1.03,MainHand,
Wand_0732,Wand_0732,"Wand 0732",true,42,1.67,MainHand,
Sword_0733,Sword_0733,"Sword 0733",false,73,1.04,MainHand,
Wand_0734,Wand_0734,"Wand 0734",true,42,1.69,MainHand,
Sword_0735,Sword_0735,"Sword 0735",false,73,1.05,MainHand,
Wand_0736,Wand_0736,"Wand 0736",true,42,1.71,MainHand,
Sword_0737,Sword_0737,"Sword 0737",false,73,1.06,MainHand,
Wand_0738,Wand_0738,"Wand 0738",true,42,1.73,MainHand,
Sword_0739,Sword_0739,"Sword 0739",false,73,1.07,MainHand,
Wand_0740,Wand_0740,"Wand 0740",true,43,1.75,MainHand,
Sword_0741,Sword_0741,"Sword 0741",false,73,1.08,MainHand,
Wand_0742,Wand_0742,"Wand 0742",true,43,1.77,MainHand,
Sword_0743,Sword_0743,"Sword 0743",false,73,1.09,MainHand,
Wand_0744,Wand_0744,"Wand 0744",true,43,1.79,MainHand,
Sword_0745,Sword_0745,"Sword 0745",false,74,1.10,MainHand,
Wand_0746,Wand_0746,"Wand 0746",true,43,1.81,MainHand,
Sword_0747,Sword_0747,"Sword 0747",false,74,1.11,MainHand,
Wand_0748,Wand_0748,"Wand 0748",true,43,1.83,MainHand,
Sword_0749,Sword_0749,"Sword 0749",false,74,1.12,MainHand,
Wand_0750,Wand_0750,"Wand 0750",true,43,1.10,MainHand,
Sword_0751,Sword_0751,"Sword 0751",false,74,1.01,MainHand,
Wand_0752,Wand_0752,"Wand 0752",true,43,1.12,MainHand,
Sword_0753,Sword_0753,"Sword 0753",false,74,1.02,MainHand,
Wand_0754,Wand_0754,"Wand 0754",true,43,1.14,MainHand,
Sword_0755,Sword_0755,"Sword 0755",false,74,1.03,MainHand,
Wand_0756,Wand_0756,"Wand 0756",true,43,1.16,MainHand,
Sword_0757,Sword_0757,"Sword 0757",false,75,1.04,MainHand,
Wand_0758,Wand_0758,"Wand 0758",true,43,1.18,MainHand,
Sword_0759,Sword_0759,"Sword 0759",false,75,1.05,MainHand,
Wand_0760,Wand_0760,"Wand 0760",true,44,1.20,MainHand,
Sword_0761,Sword_0761,"Sword 0761",false,75,1.06,MainHand,
Wand_0762,Wand_0762,"Wand 0762",true,44,1.22,MainHand,
Sword_0763,Sword_0763,"Sword 0763",false,75,1.07,MainHand,
Wand_0764,Wand_0764,"Wand 0764",true,44,1.24,MainHand,
Sword_0765,Sword_0765,"Sword 0765",false,75,1.08,MainHand,
Wand_0766,Wand_0766,"Wand 0766",true,44,1.26,MainHand,
Sword_0767,Sword_0767,"Sword 0767",false,75,1.09,MainHand,
Wand_0768,Wand_0768,"Wand 0768",true,44,1.28,MainHand,
Sword_0769,Sword_0769,"Sword 0769",false,76,1.10,MainHand,
Wand_0770,Wand_0770,"Wand 0770",true,44,1.30,MainHand,
Sword_0771,Sword_0771,"Sword 0771",false,76,1.11,MainHand,
Wand_0772,Wand_0772,"Wand 0772",true,44,1.32,MainHand,
Sword_0773,Sword_0773,"Sword 0773",false,76,1.12,MainHand,
Wand_0774,Wand_0774,"Wand 0774",true,44,1.34,MainHand,
Sword_0775,Sword_0775,"Sword 0775",false,76,1.00,MainHand,
Wand_0776,Wand_0776,"Wand 0776",true,44,1.36,MainHand,
Sword_0777,Sword_0777,"Sword 0777",false,76,1.01,MainHand,
Wand_0778,Wand_0778,"Wand 0778",true,44,1.38,MainHand,
Sword_0779,Sword_0779,"Sword 0779",false,76,1.02,MainHand,
Wand_0780,Wand_0780,"Wand 0780",true,45,1.40,MainHand,
Sword_0781,Sword_0781,"Sword 0781",false,77,1.03,MainHand,
Wand_0782,Wand_0782,"Wand 0782",true,45,1.42,MainHand,
Sword_0783,Sword_0783,"Sword 0783",false,77,1.04,MainHand,
Wand_0784,Wand_0784,"Wand 0784",true,45,1.44,MainHand,
Sword_0785,Sword_0785,"Sword 0785",false,77,1.05,MainHand,
Wand_0786,Wand_0786,"Wand 0786",true,45,1.46,MainHand,
Sword_0787,Sword_0787,"Sword 0787",false,77,1.06,MainHand,
Wand_0788,Wand_0788,"Wand 0788",true,45,1.48,MainHand,
Sword_0789,Sword_0789,"Sword 0789",false,77,1.07,MainHand,
Wand_0790,Wand_0790,"Wand 0790",true,45,1.50,MainHand,
Sword_0791,Sword_0791,"Sword 0791",false,77,1.08,MainHand,
Wand_0792,Wand_0792,"Wand 0792",true,45,1.52,MainHand,
Sword_0793,Sword_0793,"Sword 0793",false,78,1.09,MainHand,
Wand_0794,Wand_0794,"Wand 0794",true,45,1.54,MainHand,
Sword_0795,Sword_0795,"Sword 0795",false,78,1.10,MainHand,
Wand_0796,Wand_0796,"Wand 0796",true,45,1.56,MainHand,
Sword_0797,Sword_0797,"Sword 0797",false,78,1.11,MainHand,
Wand_0798,Wand_0798,"Wand 0798",true,45,1.58,MainHand,
Sword_0799,Sword_0799,"Sword 0799",false,78,1.12,MainHand,
Wand_0800,Wand_0800,"Wand 0800",true,46,1.60,MainHand,
Sword_0801,Sword_0801,"Sword 0801",false,78,1.01,MainHand,
Wand_0802,Wand_0802,"Wand 0802",true,46,1.62,MainHand,
Sword_0803,Sword_0803,"Sword 0803",false,78,1.02,MainHand,
Wand_0804,Wand_0804,"Wand 0804",true,46,1.64,MainHand,
Sword_0805,Sword_0805,"Sword 0805",false,79,1.03,MainHand,
Wand_0806,Wand_0806,"Wand 0806",true,46,1.66,MainHand,
Sword_0807,Sword_0807,"Sword 0807",false,79,1.04,MainHand,
Wand_0808,Wand_0808,"Wand 0808",true,46,1.68,MainHand,
Sword_0809,Sword_0809,"Sword 0809",false,79,1.05,MainHand,
Wand_0810,Wand_0810,"Wand 0810",true,46,1.70,MainHand,
Sword_0811,Sword_0811,"Sword 0811",false,79,1.06,MainHand,
Wand_0812,Wand_0812,"Wand 0812",true,46,1.72,MainHand,
Sword_0813,Sword_0813,"Sword 0813",false,79,1.07,MainHand,
Wand_0814,Wand_0814,"Wand 0814",true,46,1.74,MainHand,
Sword_0815,Sword_0815,"Sword 0815",false,79,1.08,MainHand,
Wand_0816,Wand_0816,"Wand 0816",true,46,1.76,MainHand,
Sword_0817,Sword_0817,"Sword 0817",false,80,1.09,MainHand,
Wand_0818,Wand_0818,"Wand 0818",true,46,1.78,MainHand,
Sword_0819,Sword_0819,"Sword 0819",false,80,1.10,MainHand,
Wand_0820,Wand_0820,"Wand 0820",true,47,1.80,MainHand,
Sword_0821,Sword_0821,"Sword 0821",false,80,1.11,MainHand,
Wand_0822,Wand_0822,"Wand 0822",true,47,1.82,MainHand,
Sword_0823,Sword_0823,"Sword 0823",false,80,1.12,MainHand,
Wand_0824,Wand_0824,"Wand 0824",true,47,1.84,MainHand,
Sword_0825,Sword_0825,"Sword 0825",false,80,1.00,MainHand,
Wand_0826,Wand_0826,"Wand 0826",true,47,1.11,MainHand,
Sword_0827,Sword_0827,"Sword 0827",false,80,1.01,MainHand,
Wand_0828,Wand_0828,"Wand 0828",true,47,1.13,MainHand,
Sword_0829,Sword_0829,"Sword 0829",false,81,1.02,MainHand,
Wand_0830,Wand_0830,"Wand 0830",true,47,1.15,MainHand,
Sword_0831,Sword_0831,"Sword 0831",false,81,1.03,MainHand,
Wand_0832,Wand_0832,"Wand 0832",true,47,1.17,MainHand,
Sword_0833,Sword_0833,"Sword 0833",false,81,1.04,MainHand,
Wand_0834,Wand_0834,"Wand 0834",true,47,1.19,MainHand,
Sword_0835,Sword_0835,"Sword 0835",false,81,1.05,MainHand,
Wand_0836,Wand_0836,"Wand 0836",true,47,1.21,MainHand,
Sword_0837,Sword_0837,"Sword 0837",false,81,1.06,MainHand,
Wand_0838,Wand_0838,"Wand 0838",true,47,1.23,MainHand,
Sword_0839,Sword_0839,"Sword 0839",false,81,1.07,MainHand,
Wand_0840,Wand_0840,"Wand 0840",true,48,1.25,MainHand,
Sword_0841,Sword_0841,"Sword 0841",false,82,1.08,MainHand,
Wand_0842,Wand_0842,"Wand 0842",true,48,1.27,MainHand,
Sword_0843,Sword_0843,"Sword 0843",false,82,1.09,MainHand,
Wand_0844,Wand_0844,"Wand 0844",true,48,1.29,MainHand,
Sword_0845,Sword_0845,"Sword 0845",false,82,1.10,MainHand,
Wand_0846,Wand_0846,"Wand 0846",true,48,1.31,MainHand,
Sword_0847,Sword_0847,"Sword 0847",false,82,1.11,MainHand,
Wand_0848,Wand_0848,"Wand 0848",true,48,1.33,MainHand,
Sword_0849,Sword_0849,"Sword 0849",false,82,1.12,MainHand,
Wand_0850,Wand_0850,"Wand 0850",true,48,1.35,MainHand,
Sword_0851,Sword_0851,"Sword 0851",false,82,1.01,MainHand,
Wand_0852,Wand_0852,"Wand 0852",true,48,1.37,MainHand,
Sword_0853,Sword_0853,"Sword 0853",false,83,1.02,MainHand,
Wand_0854,Wand_0854,"Wand 0854",true,48,1.39,MainHand,
Sword_0855,Sword_0855,"Sword 0855",false,83,1.03,MainHand,
Wand_0856,Wand_0856,"Wand 0856",true,48,1.41,MainHand,
Sword_0857,Sword_0857,"Sword 0857",false,83,1.04,MainHand,
Wand_0858,Wand_0858,"Wand 0858",true,48,1.43,MainHand,
Sword_0859,Sword_0859,"Sword 0859",false,83,1.05,MainHand,
Wand_0860,Wand_0860,"Wand 0860",true,49,1.45,MainHand,
Sword_0861,Sword_0861,"Sword 0861",false,83,1.06,MainHand,
Wand_0862,Wand_0862,"Wand 0862",true,49,1.47,MainHand,
Sword_0863,Sword_0863,"Sword 0863",false,83,1.07,MainHand,
Wand_0864,Wand_0864,"Wand 0864",true,49,1.49,MainHand,
Sword_0865,Sword_0865,"Sword 0865",false,84,1.08,MainHand,
Wand_0866,Wand_0866,"Wand 0866",true,49,1.51,MainHand,
Sword_0867,Sword_0867,"Sword 0867",false,84,1.09,MainHand,
Wand_0868,Wand_0868,"Wand 0868",true,49,1.53,MainHand,
Sword_0869,Sword_0869,"Sword 0869",false,84,1.10,MainHand,
Wand_0870,Wand_0870,"Wand 0870",true,49,1.55,MainHand,
Sword_0871,Sword_0871,"Sword 0871",false,84,1.11,MainHand,
Wand_0872,Wand_0872,"Wand 0872",true,49,1.57,MainHand,
Sword_0873,Sword_0873,"Sword 0873",false,84,1.12,MainHand,
Wand_0874,Wand_0874,"Wand 0874",true,49,1.59,MainHand,
Sword_0875,Sword_0875,"Sword 0875",false,84,1.00,MainHand,
Wand_0876,Wand_0876,"Wand 0876",true,49,1.61,MainHand,
Sword_0877,Sword_0877,"Sword 0877",false,85,1.01,MainHand,
Wand_0878,Wand_0878,"Wand 0878",true,49,1.63,MainHand,
Sword_0879,Sword_0879,"Sword 0879",false,85,1.02,MainHand,
Wand_0880,Wand_0880,"Wand 0880",true,50,1.65,MainHand,
Sword_0881,Sword_0881,"Sword 0881",false,85,1.03,MainHand,
Wand_0882,Wand_0882,"Wand 0882",true,50,1.67,MainHand,
Sword_0883,Sword_0883,"Sword 0883",false,85,1.04,MainHand,
Wand_0884,Wand_0884,"Wand 0884",true,50,1.69,MainHand,
Sword_0885,Sword_0885,"Sword 0885",false,85,1.05,MainHand,
Wand_0886,Wand_0886,"Wand 0886",true,50,1.71,MainHand,
Sword_0887,Sword_0887,"Sword 0887",false,85,1.06,MainHand,
Wand_0888,Wand_0888,"Wand 0888",true,50,1.73,MainHand,
Sword_0889,Sword_0889,"Sword 0889",false,86,1.07,MainHand,
Wand_0890,Wand_0890,"Wand 0890",true,50,1.75,MainHand,
Sword_0891,Sword_0891,"Sword 0891",false,86,1.08,MainHand,
Wand_0892,Wand_0892,"Wand 0892",true,50,1.77,MainHand,
Sword_0893,Sword_0893,"Sword 0893",false,86,1.09,MainHand,
Wand_0894,Wand_0894,"Wand 0894",true,50,1.79,MainHand,
Sword_0895,Sword_0895,"Sword 0895",false,86,1.10,MainHand,
Wand_0896,Wand_0896,"Wand 0896",true,50,1.81,MainHand,
Sword_0897,Sword_0897,"Sword 0897",false,86,1.11,MainHand,
Wand_0898,Wand_0898,"Wand 0898",true,50,1.83,MainHand,
Sword_0899,Sword_0899,"Sword 0899",false,86,1.12,MainHand,
Wand_0900,Wand_0900,"Wand 0900",true,51,1.10,MainHand,
Sword_0901,Sword_0901,"Sword 0901",false,87,1.01,MainHand,
Wand_0902,Wand_0902,"Wand 0902",true,51,1.12,MainHand,
Sword_0903,Sword_0903,"Sword 0903",false,87,1.02,MainHand,
Wand_0904,Wand_0904,"Wand 0904",true,51,1.14,MainHand,
Sword_0905,Sword_0905,"Sword 0905",false,87,1.03,MainHand,
Wand_0906,Wand_0906,"Wand 0906",true,51,1.16,MainHand,
Sword_0907,Sword_0907,"Sword 0907",false,87,1.04,MainHand,
Wand_0908,Wand_0908,"Wand 0908",true,51,1.18,MainHand,
Sword_0909,Sword_0909,"Sword 0909",false,87,1.05,MainHand,
Wand_0910,Wand_0910,"Wand 0910",true,51,1.20,MainHand,
Sword_0911,Sword_0911,"Sword 0911",false,87,1.06,MainHand,
Wand_0912,Wand_0912,"Wand 0912",true,51,1.22,MainHand,
Sword_0913,Sword_0913,"Sword 0913",false,88,1.07,MainHand,
Wand_0914,Wand_0914,"Wand 0914",true,51,1.24,MainHand,
Sword_0915,Sword_0915,"Sword 0915",false,88,1.08,MainHand,
Wand_0916,Wand_0916,"Wand 0916",true,51,1.26,MainHand,
Sword_0917,Sword_0917,"Sword 0917",false,88,1.09,MainHand,
Wand_0918,Wand_0918,"Wand 0918",true,51,1.28,MainHand,
Sword_0919,Sword_0919,"Sword 0919",false,88,1.10,MainHand,
Wand_0920,Wand_0920,"Wand 0920",true,52,1.30,MainHand,
Sword_0921,Sword_0921,"Sword 0921",false,88,1.11,MainHand,
Wand_0922,Wand_0922,"Wand 0922",true,52,1.32,MainHand,
Sword_0923,Sword_0923,"Sword 0923",false,88,1.12,MainHand,
Wand_0924,Wand_0924,"Wand 0924",true,52,1.34,MainHand,
Sword_0925,Sword_0925,"Sword 0925",false,89,1.00,MainHand,
Wand_0926,Wand_0926,"Wand 0926",true,52,1.36,MainHand,
Sword_0927,Sword_0927,"Sword 0927",false,89,1.01,MainHand,
Wand_0928,Wand_0928,"Wand 0928",true,52,1.38,MainHand,
Sword_0929,Sword_0929,"Sword 0929",false,89,1.02,MainHand,
Wand_0930,Wand_0930,"Wand 0930",true,52,1.40,MainHand,
Sword_0931,Sword_0931,"Sword 0931",false,89,1.03,MainHand,
Wand_0932,Wand_0932,"Wand 0932",true,52,1.42,MainHand,
Sword_0933,Sword_0933,"Sword 0933",false,89,1.04,MainHand,
Wand_0934,Wand_0934,"Wand 0934",true,52,1.44,MainHand,
Sword_0935,Sword_0935,"Sword 0935",false,89,1.05,MainHand,
Wand_0936,Wand_0936,"Wand 0936",true,52,1.46,MainHand,
Sword_0937,Sword_0937,"Sword 0937",false,90,1.06,MainHand,
Wand_0938,Wand_0938,"Wand 0938",true,52,1.48,MainHand,
Sword_0939,Sword_0939,"Sword 0939",false,90,1.07,MainHand,
Wand_0940,Wand_0940,"Wand 0940",true,53,1.50,MainHand,
Sword_0941,Sword_0941,"Sword 0941",false,90,1.08,MainHand,
Wand_0942,Wand_0942,"Wand 0942",true,53,1.52,MainHand,
Sword_0943,Sword_0943,"Sword 0943",false,90,1.09,MainHand,
Wand_0944,Wand_0944,"Wand 0944",true,53,1.54,MainHand,
Sword_0945,Sword_0945,"Sword 0945",false,90,1.10,MainHand,
Wand_0946,Wand_0946,"Wand 0946",true,53,1.56,MainHand,
Sword_0947,Sword_0947,"Sword 0947",false,90,1.11,MainHand,
Wand_0948,Wand_0948,"Wand 0948",true,53,1.58,MainHand,
Sword_0949,Sword_0949,"Sword 0949",false,91,1.12,MainHand,
Wand_0950,Wand_0950,"Wand 0950",true,53,1.60,MainHand,
Sword_0951,Sword_0951,"Sword 0951",false,91,1.01,MainHand,
Wand_0952,Wand_0952,"Wand 0952",true,53,1.62,MainHand,
Sword_0953,Sword_0953,"Sword 0953",false,91,1.02,MainHand,
Wand_0954,Wand_0954,"Wand 0954",true,53,1.64,MainHand,
Sword_0955,Sword_0955,"Sword 0955",false,91,1.03,MainHand,
Wand_0956,Wand_0956,"Wand 0956",true,53,1.66,MainHand,
Sword_0957,Sword_0957,"Sword 0957",false,91,1.04,MainHand,
Wand_0958,Wand_0958,"Wand 0958",true,53,1.68,MainHand,
Sword_0959,Sword_0959,"Sword 0959",false,91,1.05,MainHand,
Wand_0960,Wand_0960,"Wand 0960",true,54,1.70,MainHand,
Sword_0961,Sword_0961,"Sword 0961",false,92,1.06,MainHand,
Wand_0962,Wand_0962,"Wand 0962",true,54,1.72,MainHand,
Sword_0963,Sword_0963,"Sword 0963",false,92,1.07,MainHand,
Wand_0964,Wand_0964,"Wand 0964",true,54,1.74,MainHand,
Sword_0965,Sword_0965,"Sword 0965",false,92,1.08,MainHand,
Wand_0966,Wand_0966,"Wand 0966",true,54,1.76,MainHand,
Sword_0967,Sword_0967,"Sword 0967",false,92,1.09,MainHand,
Wand_0968,Wand_0968,"Wand 0968",true,54,1.78,MainHand,
Sword_0969,Sword_0969,"Sword 0969",false,92,1.10,MainHand,
Wand_0970,Wand_0970,"Wand 0970",true,54,1.80,MainHand,
Sword_0971,Sword_0971,"Sword 0971",false,92,1.11,MainHand,
Wand_0972,Wand_0972,"Wand 0972",true,54,1.82,MainHand,
Sword_0973,Sword_0973,"Sword 0973",false,93,1.12,MainHand,
Wand_0974,Wand_0974,"Wand 0974",true,54,1.84,MainHand,
Sword_0975,Sword_0975,"Sword 0975",false,93,1.00,MainHand,
Wand_0976,Wand_0976,"Wand 0976",true,54,1.11,MainHand,
Sword_0977,Sword_0977,"Sword 0977",false,93,1.01,MainHand,
Wand_0978,Wand_0978,"Wand 0978",true,54,1.13,MainHand,
Sword_0979,Sword_0979,"Sword 0979",false,93,1.02,MainHand,
Wand_0980,Wand_0980,"Wand 0980",true,55,1.15,MainHand,
Sword_0981,Sword_0981,"Sword 0981",false,93,1.03,MainHand,
Wand_0982,Wand_0982,"Wand 0982",true,55,1.17,MainHand,
Sword_0983,Sword_0983,"Sword 0983",false,93,1.04,MainHand,
Wand_0984,Wand_0984,"Wand 0984",true,55,1.19,MainHand,
Sword_0985,Sword_0985,"Sword 0985",false,94,1.05,MainHand,
Wand_0986,Wand_0986,"Wand 0986",true,55,1.21,MainHand,
Sword_0987,Sword_0987,"Sword 0987",false,94,1.06,MainHand,
Wand_0988,Wand_0988,"Wand 0988",true,55,1.23,MainHand,
Sword_0989,Sword_0989,"Sword 0989",false,94,1.07,MainHand,
Wand_0990,Wand_0990,"Wand 0990",true,55,1.25,MainHand,
Sword_0991,Sword_0991,"Sword 0991",false,94,1.08,MainHand,
Wand_0992,Wand_0992,"Wand 0992",true,55,1.27,MainHand,
Sword_0993,Sword_0993,"Sword 0993",false,94,1.09,MainHand,
Wand_0994,Wand_0994,"Wand 0994",true,55,1.29,MainHand,
Sword_0995,Sword_0995,"Sword 0995",false,94,1.10,MainHand,
Wand_0996,Wand_0996,"Wand 0996",true,55,1.31,MainHand,
Sword_0997,Sword_0997,"Sword 0997",false,95,1.11,MainHand,
Wand_0998,Wand_0998,"Wand 0998",true,55,1.33,MainHand,
Sword_0999,Sword_0999,"Sword 0999",false,95,1.12,MainHand,
Wand_1000,Wand_1000,"Wand 1000",true,56,1.35,MainHand,
